0.30981445,0.9506836,0.25390625,0.23608398,0.26708984,0.58251953,0.953125,-0.045262,0.039772,1.013576,0.040775258,0.03359759,-0.00030543262,0.44394,-0.3633,-0.91252
0.2541504,0.9506836,0.29956055,0.17773438,0.3581543,0.6501465,0.95336914,-0.040992,0.039101,1.019432,0.04734206,0.037415497,0.00076358154,0.44002,-0.36806,-0.91434
0.31176758,0.9511719,0.25219727,0.23828125,0.26391602,0.58032227,0.953125,-0.043676,0.041784998,1.0158939,0.04230242,0.03268129,-0.0018325957,0.43638,-0.36134,-0.91686
0.25195313,0.9501953,0.30078125,0.17626953,0.36132813,0.65234375,0.953125,-0.0427,0.039284002,1.016626,0.044593163,0.031001411,-0.00076358154,0.4445,-0.36526,-0.91811997
0.31298828,0.9511719,0.25073242,0.23925781,0.26171875,0.578125,0.953125,-0.042639,0.039101,1.0196149,0.047800206,0.0364992,-0.00015271631,0.42826,-0.36498,-0.91784
0.25073242,0.94970703,0.30322266,0.17480469,0.3635254,0.6538086,0.953125,-0.043676,0.040748,1.015467,0.04566218,0.030543264,0,0.43442002,-0.36694,-0.91784
0.31640625,0.9477539,0.25,0.24072266,0.25878906,0.5761719,0.951416,-0.043005,0.040626,1.0188221,0.044898596,0.036346484,-0.0013744469,0.43106,-0.36386,-0.91503996
0.25,0.95166016,0.30419922,0.17163086,0.36523438,0.65625,0.95336914,-0.044957,0.040199,1.0190051,0.043829583,0.03283401,0.00045814892,0.43694,-0.36946,-0.91434
0.31762695,0.95166016,0.25048828,0.24169922,0.2578125,0.5761719,0.95336914,-0.042456,0.037149,1.013149,0.040927973,0.03283401,-0.00045814892,0.42826,-0.37086,-0.91209996
0.25,0.95166016,0.30493164,0.171875,0.3671875,0.65625,0.95336914,-0.042761,0.041053,1.015528,0.045204025,0.032223143,0.00015271631,0.43498,-0.37366,-0.9086
0.31860352,0.95166016,0.24926758,0.24291992,0.25610352,0.5749512,0.95336914,-0.045872003,0.040260002,1.01504,0.04276057,0.02977968,-0.00030543262,0.43834,-0.3675,-0.91223997
0.24804688,0.95166016,0.30566406,0.17138672,0.36743164,0.6569824,0.95336914,-0.040809,0.039101,1.017236,0.04260785,0.031459562,-0.002443461,0.43414003,-0.37142003,-0.91644
0.31835938,0.9526367,0.25,0.24365234,0.25585938,0.5744629,0.9538574,-0.046299,0.040809,1.016565,0.04352415,0.030695979,0.00030543262,0.44142002,-0.36526,-0.90748
0.2475586,0.95166016,0.30615234,0.17138672,0.36914063,0.65771484,0.95336914,-0.043981,0.040138,1.016931,0.04046982,0.036193766,-0.00015271631,0.44142002,-0.3745,-0.91434
0.3178711,0.9511719,0.24926758,0.24414063,0.25512695,0.57421875,0.953125,-0.044164002,0.041907,1.013576,0.04260785,0.033444874,0.00061086525,0.44086,-0.37086,-0.90916
0.24731445,0.95166016,0.30517578,0.17138672,0.36914063,0.65771484,0.953125,-0.045994,0.038918,1.0177851,0.04260785,0.030543264,-0.00045814892,0.43358,-0.3633,-0.91406
0.31762695,0.95166016,0.24853516,0.24365234,0.25512695,0.5739746,0.95336914,-0.042944,0.039528,1.018334,0.049785517,0.032986723,0.0022907446,0.43274,-0.36498,-0.91392
0.2475586,0.95166016,0.30541992,0.17089844,0.36914063,0.65771484,0.953125,-0.044408,0.041297,1.01626,0.04428773,0.034361172,0.00290161,0.44086,-0.36526,-0.91154
0.31860352,0.9519043,0.24829102,0.24389648,0.25463867,0.57299805,0.95336914,-0.044347,0.037576,1.015467,0.044135015,0.034208454,-0.00061086525,0.4347,-0.3703,-0.91546005
0.24536133,0.95166016,0.30517578,0.17041016,0.36914063,0.65771484,0.95336914,-0.042578,0.040931,1.016504,0.045204025,0.02932153,0.002443461,0.44198,-0.3633,-0.9177
0.3173828,0.9511719,0.2475586,0.2446289,0.25512695,0.57421875,0.95336914,-0.044713,0.04148,1.016382,0.04337143,0.03527747,0.0015271631,0.44282,-0.36918,-0.9149
0.24609375,0.95166016,0.30419922,0.17041016,0.36816406,0.65722656,0.953125,-0.042761,0.038003,1.016504,0.051923547,0.033444874,0.0013744469,0.43582,-0.3619,-0.91588
0.3166504,0.9519043,0.24951172,0.24389648,0.2578125,0.57592773,0.95336914,-0.043432,0.039162,1.0186391,0.047494777,0.034055736,0.00030543262,0.44226,-0.37002,-0.91
0.24804688,0.95166016,0.3034668,0.17236328,0.36547852,0.65527344,0.95336914,-0.043005,0.037759,1.016199,0.039553523,0.02932153,0.0019853122,0.44142002,-0.36106,-0.90762
0.3154297,0.95166016,0.25073242,0.2421875,0.26049805,0.578125,0.95336914,-0.045932997,0.039162,1.019188,0.04886922,0.034361172,0.0016798794,0.43498,-0.36806,-0.91406
0.25,0.95166016,0.3022461,0.17358398,0.3623047,0.65283203,0.95336914,-0.045811,0.04209,1.023092,0.051312685,0.02641992,0.00015271631,0.43162,-0.36414,-0.90929997
0.31445313,0.9506836,0.25170898,0.24023438,0.26367188,0.579834,0.953125,-0.042883,0.039101,1.000766,0.04627304,0.031612277,0.004581489,0.44086,-0.36386,-0.90874
0.25146484,0.9511719,0.29956055,0.17578125,0.36010742,0.6516113,0.953125,-0.043127,0.03904,1.017297,0.047952924,0.029932398,0,0.44282,-0.36414,-0.90888
0.31176758,0.9511719,0.25170898,0.23876953,0.26586914,0.58203125,0.953125,-0.044347,0.041663002,1.028033,0.042913284,0.032986723,-0.0019853122,0.4347,-0.36246,-0.91392
0.25219727,0.9519043,0.29882813,0.17749023,0.35742188,0.64941406,0.95336914,-0.044225004,0.040016,1.015162,0.04184427,0.034361172,0.0013744469,0.43666,-0.36722,-0.91784
0.31054688,0.95166016,0.2541504,0.2368164,0.26879883,0.5834961,0.9538574,-0.044285998,0.039345,1.016138,0.040164392,0.030237827,0.004581489,0.43778,-0.36582002,-0.9135
0.2548828,0.95166016,0.29736328,0.17919922,0.3544922,0.6472168,0.94799805,-0.043066002,0.040748,1.019371,0.04566218,0.033444874,0.00061086525,0.4403,-0.36273998,-0.917
0.30859375,0.9526367,0.2553711,0.23535156,0.27148438,0.5859375,0.95532227,-0.043249,0.037759,1.020286,0.044898596,0.03604105,-0.0016798794,0.43358,-0.36078,-0.91
0.25683594,0.95166016,0.29614258,0.1809082,0.3515625,0.6447754,0.95336914,-0.043615002,0.040077,1.01626,0.043218717,0.02932153,-0.00076358154,0.43778,-0.35882002,-0.91014004
0.3071289,0.9511719,0.25732422,0.2331543,0.27490234,0.5883789,0.953125,-0.044652,0.039345,1.016382,0.04276057,0.030848697,0.0015271631,0.43974,-0.36638,-0.91756
0.25976563,0.95166016,0.29345703,0.18286133,0.34765625,0.642334,0.953125,-0.045079004,0.040382,1.017602,0.04810564,0.031612277,-0.00015271631,0.43722,-0.37338,-0.91840005
0.30371094,0.95166016,0.25952148,0.23046875,0.27954102,0.5913086,0.95336914,-0.044285998,0.038857,1.0186391,0.043066002,0.031764995,0.0019853122,0.43245998,-0.3633,-0.91952
0.26220703,0.95166016,0.2919922,0.18652344,0.34301758,0.63916016,0.95336914,-0.041419,0.038979,1.017968,0.04153884,0.034513887,-0.00061086525,0.43554002,-0.36246,-0.91392
0.3017578,0.95166016,0.2619629,0.2277832,0.2841797,0.59472656,0.95336914,-0.044042,0.042822,1.014857,0.043218717,0.032223143,-0.0019853122,0.43162,-0.3661,-0.91741997
0.26586914,0.95166016,0.29003906,0.18896484,0.3388672,0.63671875,0.95336914,-0.044774003,0.041358,1.019432,0.04627304,0.02977968,0.00030543262,0.43834,-0.36666,-0.91042
0.30078125,0.95214844,0.26416016,0.2253418,0.28808594,0.59765625,0.95336914,-0.042212002,0.038735002,1.018761,0.046883907,0.031459562,-0.0013744469,0.43862,-0.35854,-0.91322005
0.26782227,0.9519043,0.28857422,0.19238281,0.33398438,0.6328125,0.95336914,-0.044408,0.040443,1.011807,0.04153884,0.032986723,-0.00061086525,0.4375,-0.36806,-0.9135
0.29785156,0.95214844,0.26733398,0.22167969,0.29296875,0.60180664,0.95336914,-0.044957,0.040260002,1.014552,0.045204025,0.03359759,-0.0030543262,0.43834,-0.35994,-0.91616005
0.27148438,0.95166016,0.28588867,0.19580078,0.32910156,0.62890625,0.95336914,-0.041784998,0.044103,1.016626,0.046731193,0.035124753,0.00045814892,0.43722,-0.36806,-0.91209996
0.29418945,0.9526367,0.2697754,0.21875,0.296875,0.60546875,0.9538574,-0.047519002,0.039711002,1.021689,0.047494777,0.03191771,0.00061086525,0.4417,-0.35854,-0.91378003
0.27441406,0.95166016,0.28295898,0.19824219,0.32421875,0.625,0.95336914,-0.045445,0.037271,1.023031,0.04474588,0.03817908,-0.0019853122,0.43526,-0.36666,-0.91517997
0.29101563,0.9519043,0.27246094,0.21557617,0.3022461,0.609375,0.95336914,-0.043798,0.040931,1.010587,0.04841107,0.028710667,0.0012217305,0.42938,-0.36582002,-0.91223997
0.2775879,0.95166016,0.28076172,0.2019043,0.31933594,0.62158203,0.95336914,-0.043798,0.043066002,1.0182121,0.04352415,0.032375857,0.0027488938,0.42966,-0.3731,-0.91112
0.28808594,0.95166016,0.27392578,0.21166992,0.30786133,0.61279297,0.953125,-0.044834998,0.037393,1.016443,0.04352415,0.033750307,0.00290161,0.43498,-0.36582002,-0.91168
0.28027344,0.9511719,0.2770996,0.20507813,0.3137207,0.6171875,0.95336914,-0.044469003,0.042151,1.020957,0.046883907,0.031612277,0.0015271631,0.43862,-0.3619,-0.91336
0.28393555,0.95166016,0.27685547,0.2084961,0.31347656,0.6171875,0.95336914,-0.044896,0.041236,1.016504,0.048563786,0.030695979,0.0018325957,0.4305,-0.36973998,-0.91182
0.28442383,0.95166016,0.27368164,0.20898438,0.30859375,0.61328125,0.953125,-0.043554,0.038369,1.016016,0.046883907,0.037262782,0.0027488938,0.44226,-0.36973998,-0.91364
0.28051758,0.95166016,0.2788086,0.20483398,0.3190918,0.62109375,0.95336914,-0.043920003,0.04087,1.017541,0.043676868,0.027641654,0.0016798794,0.44394,-0.3675,-0.90916
0.28710938,0.9511719,0.2709961,0.21289063,0.30273438,0.6086426,0.953125,-0.043798,0.040565,1.01382,0.046731193,0.031764995,0.00076358154,0.43834,-0.36946,-0.9149
0.27661133,0.9511719,0.28125,0.20117188,0.32421875,0.625,0.953125,-0.043798,0.038369,1.01992,0.040775258,0.034361172,-0.0022907446,0.4389,-0.36386,-0.91434
0.29003906,0.95166016,0.2685547,0.21533203,0.29833984,0.60595703,0.95336914,-0.043920003,0.040504,1.016565,0.047494777,0.031612277,0.00061086525,0.43834,-0.36246,-0.90929997
0.27441406,0.9511719,0.2841797,0.19873047,0.32836914,0.6281738,0.953125,-0.043981,0.040077,1.0158939,0.044135015,0.03756821,0.00091629784,0.43722,-0.36273998,-0.91392
0.29418945,0.95166016,0.26611328,0.21850586,0.2932129,0.6022949,0.95336914,-0.043249,0.038491,1.015772,0.0439823,0.030543264,0.0016798794,0.43862,-0.36582002,-0.90720004
0.27172852,0.95166016,0.2866211,0.1953125,0.3330078,0.63134766,0.95336914,-0.042212002,0.041297,1.017602,0.04474588,0.03359759,0.00290161,0.44198,-0.36554,-0.9065
0.296875,0.9511719,0.26245117,0.22192383,0.2890625,0.5986328,0.953125,-0.041784998,0.039711002,1.017419,0.04337143,0.035124753,0.00061086525,0.44086,-0.36666,-0.91448
0.2668457,0.95214844,0.28759766,0.19213867,0.33789063,0.63500977,0.9543457,-0.04209,0.040138,1.015772,0.04444045,0.033444874,-0.0018325957,0.44338,-0.35938,-0.91154
0.2980957,0.95166016,0.25976563,0.22460938,0.2836914,0.5949707,0.953125,-0.045079004,0.039833,1.01687,0.043676868,0.03359759,-0.0016798794,0.43694,-0.36106,-0.91322005
0.26489258,0.95166016,0.2902832,0.18896484,0.34228516,0.6386719,0.95336914,-0.042517003,0.037515,1.015101,0.046731193,0.0355829,0.00015271631,0.43442002,-0.36302,-0.91294
0.30249023,0.9519043,0.25976563,0.22729492,0.27929688,0.5917969,0.95336914,-0.044164002,0.041236,1.019554,0.041691557,0.032528576,0.00030543262,0.43442002,-0.35826,-0.9065
0.26293945,0.95166016,0.29296875,0.18652344,0.34692383,0.6418457,0.95336914,-0.041724,0.038247,1.011502,0.045814894,0.030848697,0.00076358154,0.4291,-0.3563,-0.91042
0.30517578,0.95166016,0.25585938,0.23022461,0.27392578,0.5876465,0.95336914,-0.045079004,0.037881,1.013942,0.046120327,0.035124753,0.00015271631,0.43862,-0.35994,-0.91209996
0.25878906,0.9511719,0.29541016,0.18261719,0.3515625,0.64501953,0.953125,-0.043859,0.03965,1.017541,0.046731193,0.030085113,-0.00061086525,0.4417,-0.3619,-0.90832
0.30786133,0.9511719,0.25390625,0.2331543,0.2705078,0.5847168,0.953125,-0.044103,0.03904,1.020225,0.048258357,0.03191771,0.00061086525,0.43834,-0.36414,-0.91602004
0.25585938,0.9511719,0.29736328,0.18017578,0.3557129,0.6484375,0.95336914,-0.044896,0.041175,1.015833,0.045356747,0.033292156,0.0013744469,0.43722,-0.3661,-0.91392
0.3095703,0.95166016,0.25170898,0.23583984,0.2668457,0.58251953,0.95336914,-0.044408,0.038369,1.016321,0.048563786,0.031764995,0.0032070428,0.43862,-0.35154,-0.91182
0.25390625,0.95166016,0.29858398,0.17749023,0.35888672,0.64990234,0.95336914,-0.044774003,0.040016,1.016626,0.043676868,0.0364992,0.0019853122,0.43806,-0.36386,-0.91028005
0.31176758,0.95166016,0.25,0.23779297,0.26342773,0.57958984,0.95336914,-0.045688998,0.039772,1.0183951,0.040011674,0.028405234,0.0019853122,0.43834,-0.35770002,-0.90482
0.25195313,0.95166016,0.2998047,0.17602539,0.3618164,0.65234375,0.95336914,-0.044591,0.040565,1.015528,0.042149704,0.037262782,-0.0013744469,0.43666,-0.36358,-0.91042
0.31445313,0.95166016,0.25,0.2397461,0.26123047,0.578125,0.953125,-0.044285998,0.039711002,1.01626,0.04153884,0.0355829,-0.00030543262,0.43778,-0.36273998,-0.91294
0.25097656,0.95166016,0.30126953,0.1743164,0.3642578,0.65405273,0.95336914,-0.043188,0.039406,1.017175,0.042149704,0.036193766,0.0010690142,0.43106,-0.36273998,-0.91616005
0.31640625,0.95166016,0.24951172,0.24194336,0.25878906,0.5769043,0.95336914,-0.045262,0.039528,1.01687,0.049480088,0.03283401,0.0013744469,0.4361,-0.37002,-0.90762
0.25,0.9511719,0.3022461,0.17260742,0.36621094,0.65625,0.953125,-0.044591,0.038613,1.014857,0.05177083,0.03359759,0.0015271631,0.44002,-0.35798,-0.90916
0.31640625,0.9511719,0.24804688,0.24267578,0.2578125,0.57543945,0.953125,-0.046786997,0.041114002,1.016382,0.04428773,0.036651913,0.00030543262,0.4403,-0.35742003,-0.90958
0.24829102,0.95166016,0.3034668,0.17089844,0.3671875,0.65625,0.953125,-0.044042,0.039345,1.0246171,0.05299256,0.032375857,0.00030543262,0.4347,-0.36498,-0.91126
0.31762695,0.95166016,0.24682617,0.2434082,0.25634766,0.57470703,0.95336914,-0.043736998,0.039894,1.01321,0.04505131,0.032528576,0.0021380284,0.43722,-0.3605,-0.9128
0.24731445,0.95166016,0.30249023,0.17089844,0.36816406,0.6567383,0.95336914,-0.044469003,0.039406,1.011319,0.04764749,0.028252516,-0.00030543262,0.43358,-0.36414,-0.90691996
0.31762695,0.95166016,0.24682617,0.2446289,0.25585938,0.57421875,0.95336914,-0.045628004,0.042456,1.023519,0.04841107,0.033750307,-0.00030543262,0.43722,-0.36554,-0.90706
0.24707031,0.95166016,0.30322266,0.17114258,0.36914063,0.6569824,0.95336914,-0.041602,0.042151,1.014308,0.048258357,0.031459562,0.00015271631,0.43862,-0.36918,-0.91126
0.31860352,0.95166016,0.24658203,0.24365234,0.2553711,0.57421875,0.95336914,-0.044834998,0.037027,1.008574,0.045356747,0.031306844,0.0013744469,0.44422,-0.36526,-0.91042
0.24707031,0.95166016,0.30371094,0.16967773,0.3696289,0.65771484,0.953125,-0.044652,0.040992,1.024007,0.04230242,0.033444874,0.0012217305,0.4375,-0.36526,-0.90608
0.31860352,0.9511719,0.24633789,0.2446289,0.25512695,0.57421875,0.95336914,-0.045872003,0.039772,1.020225,0.048716504,0.034513887,0.0012217305,0.44366,-0.36273998,-0.9065
0.24633789,0.9526367,0.30419922,0.1706543,0.36938477,0.6582031,0.95336914,-0.045201,0.038735002,1.014369,0.0439823,0.032223143,-0.0027488938,0.44002,-0.37142003,-0.90706
0.31811523,0.9511719,0.24682617,0.24487305,0.25463867,0.57421875,0.95336914,-0.044896,0.039894,1.008696,0.048716504,0.032070424,0.00045814892,0.44198,-0.35994,-0.91336
0.24707031,0.95166016,0.30419922,0.16967773,0.36914063,0.657959,0.95336914,-0.044285998,0.039223,1.018517,0.04703662,0.031001411,0.0025961774,0.43162,-0.37002,-0.91644
0.31835938,0.9519043,0.2475586,0.2446289,0.25610352,0.57470703,0.95336914,-0.042639,0.040992,1.024068,0.049938235,0.032986723,0.00091629784,0.43862,-0.36694,-0.90762
0.24707031,0.9526367,0.30371094,0.17114258,0.36767578,0.6569824,0.95336914,-0.04209,0.040260002,1.015833,0.04932737,0.03191771,-0.0019853122,0.44058,-0.36134,-0.90846
0.3166504,0.95166016,0.2487793,0.24365234,0.25805664,0.5761719,0.95336914,-0.04453,0.038491,1.015406,0.039553523,0.033292156,0.0030543262,0.4403,-0.36246,-0.9065
0.24829102,0.95166016,0.30200195,0.171875,0.36523438,0.65478516,0.95336914,-0.044164002,0.040809,1.016687,0.047800206,0.034361172,0.0015271631,0.4333,-0.36246,-0.9065
0.31469727,0.95166016,0.25,0.24121094,0.26098633,0.578125,0.95336914,-0.046421003,0.040809,1.011258,0.04917465,0.031459562,-0.0016798794,0.43778,-0.36134,-0.9086
0.25073242,0.9519043,0.30078125,0.1743164,0.36206055,0.6530762,0.95336914,-0.045445,0.040748,1.006744,0.043066002,0.035430185,0.002443461,0.43554002,-0.36218,-0.90328
0.31347656,0.9511719,0.2512207,0.23999023,0.26367188,0.58081055,0.953125,-0.044103,0.040016,1.032486,0.04260785,0.03817908,0.0025961774,0.44394,-0.36722,-0.90328
0.25195313,0.9511719,0.2993164,0.17578125,0.359375,0.6513672,0.953125,-0.043859,0.038491,1.0126001,0.04703662,0.039095376,0.0015271631,0.4375,-0.36638,-0.91223997
0.31201172,0.95166016,0.2524414,0.23779297,0.26660156,0.58203125,0.95336914,-0.043676,0.038552,1.011502,0.041996986,0.02932153,0.0010690142,0.4417,-0.36722,-0.90608
0.25390625,0.9519043,0.29858398,0.17749023,0.3564453,0.6491699,0.95336914,-0.043188,0.041907,1.0188221,0.05222898,0.032070424,0.00091629784,0.4403,-0.36273998,-0.9037
0.3100586,0.95166016,0.25390625,0.23632813,0.26953125,0.5839844,0.95336914,-0.042333998,0.041114002,1.0188221,0.04566218,0.031306844,0.00045814892,0.4403,-0.36806,-0.90706
0.25585938,0.95166016,0.29589844,0.17944336,0.35351563,0.64697266,0.95336914,-0.046604,0.040199,1.01382,0.04444045,0.032375857,-0.00076358154,0.43638,-0.36134,-0.91
0.30786133,0.95166016,0.25463867,0.234375,0.27270508,0.5864258,0.953125,-0.044652,0.040809,1.021445,0.05085453,0.036804635,0.00015271631,0.43582,-0.35658,-0.91308004
0.2578125,0.9526367,0.2939453,0.18164063,0.35009766,0.64453125,0.95336914,-0.042029,0.040504,1.018883,0.048716504,0.037415497,0.002443461,0.4417,-0.3619,-0.9114
0.30566406,0.95166016,0.25732422,0.23242188,0.2770996,0.5900879,0.953125,-0.04453,0.035868,1.011441,0.04505131,0.036804635,0.002443461,0.43974,-0.36106,-0.90566003
0.2607422,0.95166016,0.29174805,0.18481445,0.34570313,0.6413574,0.953125,-0.043188,0.041419,1.014125,0.04764749,0.03268129,0.0018325957,0.43806,-0.35966,-0.90958
0.30322266,0.95166016,0.2602539,0.22924805,0.28149414,0.59375,0.95336914,-0.046116002,0.040138,1.019554,0.05177083,0.029932398,0.0021380284,0.43442002,-0.36218,-0.91448
0.26391602,0.9511719,0.2902832,0.1875,0.34057617,0.63793945,0.953125,-0.0427,0.037332002,1.010587,0.04474588,0.037110064,0,0.43078,-0.36386,-0.90972
0.30078125,0.953125,0.2626953,0.22631836,0.2866211,0.59765625,0.95532227,-0.04453,0.041053,1.02602,0.0439823,0.035124753,-0.00091629784,0.44058,-0.36386,-0.90804
0.26660156,0.9506836,0.28735352,0.19238281,0.3359375,0.63427734,0.953125,-0.046055,0.039345,1.01199,0.043676868,0.034208454,0.00290161,0.43526,-0.3661,-0.90748
0.29736328,0.94970703,0.26367188,0.22314453,0.28979492,0.5996094,0.953125,-0.04087,0.04148,1.0233971,0.041233405,0.033444874,0.0033597588,0.4333,-0.36526,-0.90986
0.2685547,0.9499512,0.28393555,0.19384766,0.3310547,0.6303711,0.953125,-0.045323003,0.039833,1.019127,0.049021933,0.036651913,0.0015271631,0.44562,-0.36218,-0.90944
0.29467773,0.9501953,0.26611328,0.21972656,0.29516602,0.6035156,0.953125,-0.045262,0.039406,1.013515,0.045814894,0.027794369,-0.00045814892,0.44114003,-0.36022002,-0.91252
0.2734375,0.9511719,0.28222656,0.19702148,0.32666016,0.6269531,0.953125,-0.043615002,0.040748,1.012783,0.045204025,0.033750307,0.0010690142,0.4375,-0.35854,-0.90706
0.29296875,0.9506836,0.2697754,0.2175293,0.30078125,0.60791016,0.953125,-0.044591,0.03904,1.016687,0.04444045,0.03390302,0.0015271631,0.43834,-0.3605,-0.91
0.27734375,0.9506836,0.28125,0.20019531,0.3215332,0.6237793,0.953125,-0.045323003,0.039528,1.015406,0.044135015,0.032528576,0.0025961774,0.43778,-0.35770002,-0.9163
0.29003906,0.9511719,0.2734375,0.21435547,0.30615234,0.611084,0.953125,-0.044164002,0.039284002,1.0231531,0.046578474,0.03604105,0.00076358154,0.43245998,-0.36442003,-0.91336
0.28125,0.9506836,0.27734375,0.20410156,0.3161621,0.6191406,0.953125,-0.042212002,0.038308,1.020347,0.046731193,0.034361172,-0.00015271631,0.44002,-0.36358,-0.90748
0.28637695,0.95166016,0.27490234,0.20996094,0.31152344,0.6152344,0.953125,-0.045994,0.04148,1.011319,0.043218717,0.034972038,0.0036651914,0.44002,-0.36470002,-0.90986
0.28344727,0.9506836,0.27416992,0.20751953,0.31054688,0.6152344,0.953125,-0.042883,0.040687,1.012661,0.044593163,0.032986723,0.00030543262,0.43722,-0.36470002,-0.90482
0.28320313,0.9501953,0.27685547,0.20605469,0.31689453,0.6191406,0.953125,-0.043493,0.041846,1.018761,0.045967612,0.037262782,0.0022907446,0.43918,-0.35854,-0.90678
0.28710938,0.9501953,0.27148438,0.2109375,0.3046875,0.6113281,0.953125,-0.045506,0.038918,1.015406,0.04138612,0.033139437,0.00091629784,0.43806,-0.36218,-0.90691996
0.28027344,0.9511719,0.28076172,0.20288086,0.32226563,0.6237793,0.953125,-0.042395,0.038796,1.015406,0.045204025,0.029626966,0.00091629784,0.4473,-0.36666,-0.90720004
0.29101563,0.9506836,0.26904297,0.21484375,0.29956055,0.6074219,0.953125,-0.045323003,0.041297,1.0221161,0.049785517,0.031764995,-0.00030543262,0.43386,-0.35882002,-0.90272003
0.27661133,0.9506836,0.28271484,0.19921875,0.32617188,0.62646484,0.953125,-0.042456,0.040016,1.008696,0.0439823,0.037720934,0.002443461,0.4403,-0.36302,-0.91322005
0.29345703,0.9506836,0.26757813,0.21728516,0.2956543,0.6040039,0.953125,-0.04453,0.039223,1.0140641,0.045967612,0.033750307,0.0032070428,0.44338,-0.36666,-0.91112
0.27368164,0.9511719,0.28466797,0.1965332,0.3310547,0.6298828,0.953125,-0.042761,0.042639,1.017114,0.042149704,0.030543264,0.00030543262,0.44366,-0.36106,-0.91056
0.29638672,0.9511719,0.2644043,0.22021484,0.29101563,0.6015625,0.953125,-0.043798,0.039528,1.016992,0.04474588,0.033750307,0.00290161,0.4403,-0.36498,-0.9086
0.27026367,0.9506836,0.28686523,0.19433594,0.3359375,0.6335449,0.953125,-0.043188,0.039711002,1.018883,0.045356747,0.034055736,0.0027488938,0.44534,-0.36134,-0.90929997
0.29785156,0.9501953,0.26171875,0.22314453,0.2861328,0.59765625,0.953125,-0.041541,0.039345,1.0256541,0.05177083,0.0355829,0.00045814892,0.4417,-0.36386,-0.90888
0.26708984,0.9506836,0.28833008,0.19042969,0.33984375,0.63671875,0.953125,-0.042883,0.04148,1.0063779,0.04841107,0.036346484,-0.0015271631,0.43778,-0.36358,-0.90958
0.3010254,0.9501953,0.25927734,0.22558594,0.28149414,0.59375,0.953125,-0.044774003,0.040260002,1.006317,0.041233405,0.028405234,0.00290161,0.4403,-0.36666,-0.91448
0.26416016,0.9511719,0.29125977,0.1875,0.34472656,0.640625,0.953125,-0.043736998,0.039772,1.0258371,0.053603426,0.035735615,0.0016798794,0.43694,-0.3689,-0.91223997
0.30395508,0.9506836,0.25683594,0.2290039,0.27661133,0.58984375,0.953125,-0.044408,0.041663002,1.008391,0.04810564,0.03481932,0.00076358154,0.43974,-0.36078,-0.91154
0.26098633,0.95166016,0.29296875,0.18408203,0.34960938,0.6437988,0.953125,-0.0427,0.038857,1.01687,0.05283984,0.03268129,0.00076358154,0.44002,-0.36554,-0.91476
0.30688477,0.9506836,0.25341797,0.23217773,0.2722168,0.5866699,0.953125,-0.044469003,0.03965,1.015101,0.04276057,0.030390546,-0.00015271631,0.44058,-0.36554,-0.91154
0.2578125,0.9506836,0.29589844,0.1809082,0.35351563,0.64746094,0.953125,-0.045688998,0.040992,1.016931,0.05024367,0.03268129,0.0010690142,0.43666,-0.3591,-0.90888
0.31054688,0.9511719,0.25390625,0.23486328,0.26904297,0.5839844,0.9519043,-0.047275003,0.040687,1.0196149,0.046883907,0.031459562,0.0019853122,0.4291,-0.35966,-0.91056
0.25683594,0.9506836,0.29833984,0.17919922,0.3569336,0.6496582,0.953125,-0.042944,0.040077,1.017724,0.046883907,0.033444874,0.0013744469,0.4361,-0.36470002,-0.9086
0.31274414,0.9506836,0.25195313,0.23632813,0.26513672,0.5805664,0.953125,-0.044652,0.040382,1.011929,0.04703662,0.032070424,-0.00030543262,0.43078,-0.35938,-0.91574
0.2541504,0.9506836,0.2998047,0.17626953,0.3605957,0.65234375,0.953125,-0.048068002,0.038735002,1.018334,0.038026363,0.031154126,0.00030543262,0.43834,-0.36162,-0.91392
0.31445313,0.9511719,0.25097656,0.23876953,0.2626953,0.57958984,0.953125,-0.044957,0.038857,1.022177,0.046578474,0.034055736,0.00045814892,0.4389,-0.36078,-0.91517997
0.2524414,0.9511719,0.3022461,0.17578125,0.36328125,0.6533203,0.953125,-0.04453,0.038918,1.016992,0.03894266,0.034055736,0.0013744469,0.44086,-0.35966,-0.90916
0.3173828,0.95092773,0.25170898,0.24047852,0.26049805,0.578125,0.953125,-0.044713,0.040016,1.015589,0.04566218,0.031001411,0,0.4403,-0.36834,-0.90748
0.25219727,0.9501953,0.30273438,0.17358398,0.36523438,0.6550293,0.953125,-0.044652,0.039772,1.017114,0.048716504,0.038789947,0.0032070428,0.44086,-0.37114,-0.91266006
0.31762695,0.9506836,0.24902344,0.24145508,0.25805664,0.576416,0.953125,-0.04331,0.039711002,1.015772,0.04764749,0.035888337,0.00061086525,0.43834,-0.36582002,-0.90944
0.25,0.9499512,0.30322266,0.171875,0.3671875,0.65625,0.95336914,-0.041602,0.037759,1.020408,0.048563786,0.034666605,0.0022907446,0.4389,-0.36722,-0.91084003
0.3178711,0.9511719,0.2487793,0.24267578,0.25683594,0.5756836,0.953125,-0.046116002,0.039345,1.01626,0.044898596,0.032986723,0.0015271631,0.4361,-0.36246,-0.9149
0.24926758,0.9511719,0.3034668,0.17138672,0.36743164,0.6567383,0.953125,-0.043676,0.038735002,1.01443,0.051618114,0.03191771,-0.00076358154,0.43638,-0.35994,-0.9114
0.31860352,0.9506836,0.24658203,0.24291992,0.25585938,0.5744629,0.953125,-0.042639,0.038979,1.0190661,0.048716504,0.036193766,-0.00076358154,0.43526,-0.35770002,-0.91042
0.24804688,0.95166016,0.3046875,0.17089844,0.36914063,0.65771484,0.953125,-0.043493,0.040809,1.017053,0.040927973,0.032375857,0.0010690142,0.43918,-0.35770002,-0.91406
0.3203125,0.94970703,0.24780273,0.2446289,0.25512695,0.57421875,0.953125,-0.043066002,0.039528,1.0173581,0.048258357,0.030543264,0.0015271631,0.43666,-0.36302,-0.91238
0.24926758,0.9506836,0.3046875,0.16967773,0.36914063,0.65771484,0.95336914,-0.043859,0.041053,1.017724,0.03848451,0.031459562,0.0012217305,0.4347,-0.36414,-0.90818
0.3203125,0.9501953,0.24707031,0.24438477,0.25512695,0.57421875,0.95336914,-0.044347,0.038918,1.018883,0.03894266,0.033292156,0.0018325957,0.44002,-0.35714,-0.91168
0.24804688,0.9501953,0.30517578,0.1706543,0.36914063,0.6582031,0.953125,-0.041907,0.040565,1.015589,0.04566218,0.031154126,0.0016798794,0.4361,-0.35994,-0.91223997
0.32128906,0.94970703,0.24658203,0.2446289,0.2548828,0.57421875,0.953125,-0.043127,0.041236,1.014735,0.04566218,0.031764995,0.0022907446,0.43526,-0.35658,-0.9107
0.24780273,0.95166016,0.30395508,0.16992188,0.3696289,0.657959,0.953125,-0.044774003,0.040443,1.017297,0.04230242,0.03359759,-0.0027488938,0.44002,-0.36582002,-0.91028005
0.3203125,0.9501953,0.24609375,0.24414063,0.25512695,0.57421875,0.953125,-0.044774003,0.038491,1.019676,0.045967612,0.030543264,0.0010690142,0.4389,-0.36386,-0.91168
0.24780273,0.9501953,0.30322266,0.1706543,0.36914063,0.65771484,0.953125,-0.046909,0.041663002,1.017663,0.04184427,0.030848697,0.00015271631,0.4361,-0.35966,-0.91196
0.3203125,0.9501953,0.24731445,0.24389648,0.25634766,0.5756836,0.953125,-0.043127,0.038857,1.015345,0.045814894,0.033750307,0.0022907446,0.44058,-0.36273998,-0.91042
0.24926758,0.9506836,0.30297852,0.1706543,0.3671875,0.65625,0.953125,-0.043554,0.039894,1.01687,0.04566218,0.035888337,0.00045814892,0.42994002,-0.36106,-0.90874
0.31860352,0.9506836,0.24902344,0.24316406,0.25976563,0.5773926,0.953125,-0.044957,0.038247,1.017297,0.04841107,0.031306844,0.0010690142,0.4487,-0.35826,-0.9114
0.25170898,0.94970703,0.30151367,0.17333984,0.3642578,0.65478516,0.953125,-0.046299,0.039345,1.016748,0.04184427,0.034208454,0.0010690142,0.4347,-0.36302,-0.90846
0.3173828,0.9501953,0.25097656,0.24072266,0.26220703,0.5788574,0.953125,-0.043249,0.040687,1.016992,0.049785517,0.03756821,-0.0019853122,0.44086,-0.35994,-0.90958
0.2541504,0.9506836,0.30126953,0.1743164,0.36132813,0.65234375,0.953125,-0.041784998,0.035807,1.016382,0.045814894,0.03283401,0.00076358154,0.43218,-0.36106,-0.91294
0.31640625,0.9501953,0.25219727,0.23901367,0.26464844,0.58081055,0.953125,-0.043676,0.040443,1.015406,0.04566218,0.031154126,0.0018325957,0.43694,-0.3689,-0.9107
0.25512695,0.9506836,0.29956055,0.17626953,0.359375,0.6503906,0.953125,-0.042944,0.042029,1.015772,0.048716504,0.035124753,0.0039706244,0.4389,-0.36414,-0.91308004
0.31347656,0.94970703,0.25341797,0.23828125,0.26757813,0.58251953,0.953125,-0.042639,0.036295,1.020347,0.04627304,0.031306844,-0.00061086525,0.43862,-0.36414,-0.91
0.2565918,0.9506836,0.29858398,0.17822266,0.3564453,0.6491699,0.953125,-0.043127,0.038796,1.016199,0.044593163,0.02977968,0.002443461,0.43974,-0.36638,-0.91084003
0.31225586,0.9506836,0.2548828,0.23608398,0.2705078,0.5859375,0.953125,-0.042761,0.037637003,1.021384,0.044135015,0.032528576,-0.00015271631,0.43666,-0.36246,-0.90944
0.25878906,0.9506836,0.29711914,0.18041992,0.35302734,0.6464844,0.951416,-0.045383997,0.040504,1.013515,0.040164392,0.030085113,-0.00076358154,0.43945998,-0.36498,-0.90958
0.31054688,0.9511719,0.2578125,0.23388672,0.27368164,0.5878906,0.95336914,-0.043493,0.040016,1.0241901,0.03940081,0.03268129,0.0013744469,0.43302,-0.36273998,-0.90944
0.26171875,0.9501953,0.29467773,0.18261719,0.34960938,0.64453125,0.953125,-0.043736998,0.041784998,1.018334,0.045814894,0.03604105,-0.00015271631,0.43386,-0.36414,-0.9177
0.30786133,0.9506836,0.2578125,0.23095703,0.27734375,0.59033203,0.953125,-0.046543,0.03965,1.005646,0.045204025,0.033444874,-0.00091629784,0.43582,-0.36806,-0.9156
0.2631836,0.9501953,0.2919922,0.18554688,0.3449707,0.640625,0.951416,-0.045079004,0.039467,1.019432,0.050701816,0.032528576,0.00091629784,0.44226,-0.37002,-0.91728
0.3046875,0.9506836,0.25927734,0.22851563,0.28222656,0.59375,0.953125,-0.045506,0.042151,1.019798,0.051618114,0.03390302,-0.0018325957,0.43414003,-0.37170002,-0.91658
0.265625,0.9506836,0.28833008,0.18798828,0.34057617,0.6369629,0.953125,-0.044408,0.039833,1.0188221,0.04764749,0.035735615,0.00076358154,0.44478,-0.3591,-0.91434
0.30151367,0.9506836,0.26123047,0.2265625,0.2861328,0.59643555,0.953125,-0.041175,0.042212002,1.01443,0.047494777,0.036651913,-0.0012217305,0.44002,-0.36973998,-0.91112
0.2680664,0.9506836,0.2866211,0.19067383,0.3359375,0.6345215,0.953125,-0.046786997,0.039833,1.022055,0.043829583,0.03481932,-0.0015271631,0.4417,-0.35966,-0.9177
0.29956055,0.9501953,0.2626953,0.22265625,0.29101563,0.60058594,0.953125,-0.041968003,0.040199,1.020957,0.04718934,0.0364992,0.00030543262,0.4361,-0.36806,-0.9135
0.27172852,0.94970703,0.28320313,0.19360352,0.33129883,0.6311035,0.951416,-0.043859,0.037698,1.0182121,0.03604105,0.03359759,-0.00061086525,0.43945998,-0.36302,-0.9156
0.296875,0.94970703,0.26513672,0.21972656,0.2956543,0.6035156,0.953125,-0.042333998,0.037515,1.019188,0.04352415,0.034055736,0.0021380284,0.43974,-0.35994,-0.91868
0.2746582,0.9501953,0.28125,0.19677734,0.32666016,0.6274414,0.953125,-0.043188,0.039223,1.017846,0.038026363,0.033444874,-0.0015271631,0.43358,-0.3619,-0.917
0.2932129,0.9506836,0.27197266,0.21728516,0.3017578,0.60717773,0.953125,-0.045567002,0.03965,1.01504,0.04276057,0.034972038,0,0.43526,-0.36442003,-0.9156
0.2734375,0.9506836,0.28515625,0.20263672,0.3203125,0.623291,0.953125,-0.044652,0.038796,1.01565,0.04764749,0.034513887,0.00045814892,0.43162,-0.3689,-0.91686
0.28222656,0.9499512,0.2783203,0.2163086,0.30371094,0.6101074,0.953125,-0.044774003,0.040016,1.013698,0.04184427,0.033292156,0.0013744469,0.43918,-0.36273998,-0.9149
0.27148438,0.9506836,0.28466797,0.20629883,0.31445313,0.61816406,0.953125,-0.043005,0.03965,1.02541,0.049480088,0.0355829,0.00045814892,0.43694,-0.35770002,-0.91308004
0.2763672,0.95166016,0.28271484,0.21264648,0.3083496,0.61376953,0.95336914,-0.044225004,0.041358,1.013698,0.045967612,0.033750307,0.00061086525,0.4375,-0.36134,-0.91028005
0.2734375,0.9506836,0.28271484,0.20874023,0.30810547,0.6140137,0.953125,-0.044225004,0.041053,1.016748,0.045356747,0.032070424,0.00015271631,0.44058,-0.36526,-0.90846
0.27148438,0.9506836,0.2861328,0.20874023,0.31298828,0.6179199,0.953125,-0.044713,0.039955,1.017541,0.04718934,0.034055736,0.00091629784,0.4319,-0.36273998,-0.90804
0.27563477,0.9511719,0.28125,0.21386719,0.30297852,0.61035156,0.953125,-0.044164002,0.04209,1.016077,0.04352415,0.029474247,0.00091629784,0.4375,-0.36273998,-0.91588
0.26879883,0.95166016,0.2890625,0.20629883,0.31884766,0.6218262,0.95336914,-0.045688998,0.038247,1.017053,0.04627304,0.032375857,0.00061086525,0.44226,-0.35854,-0.91112
0.27929688,0.9506836,0.27905273,0.2175293,0.29736328,0.6062012,0.953125,-0.043371003,0.038491,1.017968,0.051312685,0.03817908,0.0018325957,0.44002,-0.3633,-0.91196
0.26660156,0.9506836,0.29223633,0.20166016,0.3232422,0.6254883,0.953125,-0.044713,0.040809,1.016382,0.03985896,0.037415497,0.0030543262,0.44142002,-0.3675,-0.90902
0.28320313,0.9501953,0.27685547,0.21875,0.29345703,0.60302734,0.953125,-0.04453,0.038979,1.01626,0.04428773,0.03283401,-0.00030543262,0.44422,-0.35042003,-0.91238
0.26391602,0.9511719,0.29467773,0.19921875,0.32763672,0.62890625,0.953125,-0.044957,0.039406,1.0142471,0.03985896,0.03527747,0.003817908,0.4389,-0.36862,-0.9086
0.28637695,0.9506836,0.2758789,0.22167969,0.28930664,0.59936523,0.953125,-0.044652,0.04148,1.018151,0.046883907,0.033750307,0.00061086525,0.44114003,-0.35798,-0.91588
0.2626953,0.9506836,0.29736328,0.19628906,0.3322754,0.6315918,0.953125,-0.043981,0.040016,1.022848,0.044135015,0.032375857,0.00076358154,0.44114003,-0.35854,-0.9114
0.28955078,0.95166016,0.2734375,0.22509766,0.28515625,0.59643555,0.95336914,-0.044834998,0.040260002,1.018517,0.047494777,0.035735615,0.002443461,0.44422,-0.36358,-0.90790004
0.26000977,0.95166016,0.29907227,0.19311523,0.33666992,0.6347656,0.953125,-0.045262,0.040260002,1.015528,0.04886922,0.037110064,0.0013744469,0.43974,-0.35294,-0.9135
0.29248047,0.9538574,0.27026367,0.22705078,0.28076172,0.5930176,0.953125,-0.04636,0.03904,1.018273,0.04566218,0.031306844,-0.0015271631,0.44674,-0.35770002,-0.90482
0.25683594,0.9506836,0.3010254,0.19018555,0.3413086,0.6381836,0.953125,-0.045445,0.041846,1.0149181,0.046578474,0.031001411,0.00091629784,0.4417,-0.36442003,-0.90929997
0.29516602,0.9511719,0.2680664,0.23071289,0.27612305,0.58984375,0.953125,-0.044103,0.04087,1.014735,0.04184427,0.029626966,0,0.44282,-0.36162,-0.90384
0.25390625,0.95166016,0.30322266,0.1875,0.34570313,0.6418457,0.95336914,-0.04331,0.039955,1.014735,0.04566218,0.037720934,0.0021380284,0.44142002,-0.36526,-0.91042
0.29760742,0.9506836,0.265625,0.23217773,0.27148438,0.58618164,0.953125,-0.045018002,0.039955,1.015955,0.046120327,0.034513887,0.0022907446,0.43245998,-0.3591,-0.9107
0.25146484,0.9506836,0.30615234,0.18334961,0.34985352,0.64501953,0.953125,-0.043859,0.040321,1.015284,0.04505131,0.03283401,0.00015271631,0.4417,-0.35154,-0.91154
0.3017578,0.9511719,0.26416016,0.23388672,0.26757813,0.5827637,0.953125,-0.044225004,0.039162,1.015101,0.043218717,0.032986723,-0.0027488938,0.44674,-0.3549,-0.91
0.24926758,0.9511719,0.3071289,0.18017578,0.35351563,0.6472168,0.95336914,-0.044957,0.041297,1.016443,0.043218717,0.032070424,0.00061086525,0.43918,-0.36218,-0.9135
0.30297852,0.95166016,0.26245117,0.23583984,0.265625,0.5810547,0.95336914,-0.046177004,0.040016,1.016809,0.040775258,0.032223143,0.00091629784,0.44674,-0.36022002,-0.90664
0.24707031,0.94799805,0.30810547,0.17797852,0.35620117,0.6489258,0.9511719,-0.043736998,0.040321,1.014369,0.047800206,0.03481932,-0.00076358154,0.43806,-0.36386,-0.90832
0.3046875,0.95166016,0.2602539,0.23706055,0.26245117,0.5788574,0.95336914,-0.045506,0.040138,1.0130271,0.04734206,0.02977968,0.00015271631,0.44366,-0.35938,-0.90972
0.24487305,0.95166016,0.30932617,0.17700195,0.36010742,0.65234375,0.95336914,-0.046421003,0.038552,1.007659,0.049632803,0.03268129,0.0012217305,0.43442002,-0.36526,-0.90944
0.30639648,0.95166016,0.25878906,0.23999023,0.26000977,0.57666016,0.95336914,-0.043859,0.03965,1.013149,0.043829583,0.032375857,-0.00030543262,0.43694,-0.36302,-0.9128
0.2434082,0.9519043,0.31103516,0.17578125,0.36279297,0.6533203,0.9543457,-0.044042,0.040931,1.022299,0.045967612,0.033292156,-0.00091629784,0.4389,-0.36722,-0.91462
0.30859375,0.95166016,0.25854492,0.2409668,0.25805664,0.5751953,0.95336914,-0.043432,0.039101,1.01199,0.040164392,0.02932153,0.0016798794,0.43945998,-0.36162,-0.91322005
0.24243164,0.9511719,0.31201172,0.17333984,0.3642578,0.65478516,0.95336914,-0.041846,0.039955,1.014857,0.050549097,0.036651913,0.00030543262,0.44058,-0.36078,-0.9135
0.30908203,0.95166016,0.25732422,0.24121094,0.25610352,0.57421875,0.95336914,-0.045262,0.039528,1.016626,0.04841107,0.03390302,0.002443461,0.44198,-0.36358,-0.91084003
0.2409668,0.95166016,0.31176758,0.17260742,0.36572266,0.65625,0.953125,-0.043981,0.040077,1.017663,0.04718934,0.033750307,0.0013744469,0.44058,-0.36022002,-0.91126
0.3088379,0.95166016,0.25561523,0.2434082,0.2548828,0.57299805,0.95336914,-0.04636,0.040260002,1.01687,0.04337143,0.03604105,0.00030543262,0.44422,-0.3675,-0.91209996
0.23925781,0.9519043,0.31152344,0.17236328,0.3671875,0.6567383,0.95336914,-0.043493,0.040626,1.020408,0.044898596,0.03268129,0.0013744469,0.44366,-0.36554,-0.91098
0.3095703,0.95166016,0.2541504,0.2446289,0.25439453,0.5722656,0.953125,-0.044774003,0.040138,1.0173581,0.042913284,0.032528576,0.0016798794,0.43582,-0.35742003,-0.91322005
0.23754883,0.9519043,0.31103516,0.17089844,0.3671875,0.65722656,0.95336914,-0.043859,0.041236,1.012051,0.043676868,0.034208454,0.00030543262,0.44338,-0.35686,-0.91728
0.3088379,0.95166016,0.25439453,0.24658203,0.25390625,0.5722656,0.953125,-0.045018002,0.040382,1.016748,0.04718934,0.031306844,-0.0016798794,0.4487,-0.36526,-0.91462
0.23754883,0.9511719,0.3125,0.17138672,0.36816406,0.65771484,0.95336914,-0.043676,0.040260002,1.01687,0.04627304,0.0290161,-0.00015271631,0.44058,-0.36273998,-0.9135
0.31054688,0.95166016,0.25512695,0.24633789,0.25390625,0.5722656,0.95336914,-0.043981,0.039528,1.015101,0.047494777,0.030543264,0.0027488938,0.43245998,-0.3703,-0.9086
0.23852539,0.9519043,0.31298828,0.17089844,0.36767578,0.65771484,0.95336914,-0.042883,0.039589,1.015406,0.04566218,0.034513887,-0.0010690142,0.43862,-0.36162,-0.89992
0.31030273,0.9511719,0.25463867,0.24609375,0.25317383,0.5715332,0.95336914,-0.046116002,0.04087,1.014796,0.05100725,0.037873648,-0.00030543262,0.43974,-0.35994,-0.91
0.23828125,0.9519043,0.31323242,0.17163086,0.3671875,0.657959,0.95336914,-0.043493,0.037637003,1.016504,0.04718934,0.033292156,0.00030543262,0.44086,-0.35854,-0.90748
0.31152344,0.95166016,0.2548828,0.24609375,0.2536621,0.57128906,0.95336914,-0.042273,0.040138,1.016382,0.045204025,0.034208454,0.0010690142,0.44338,-0.3619,-0.90902
0.23828125,0.9519043,0.3125,0.17114258,0.36743164,0.65771484,0.95336914,-0.043371003,0.040992,1.0190051,0.051312685,0.03390302,0.00076358154,0.4361,-0.36834,-0.91364
0.30981445,0.95166016,0.25512695,0.24487305,0.2553711,0.5734863,0.95336914,-0.043736998,0.038369,1.0190661,0.039248094,0.034361172,0.0013744469,0.43918,-0.36078,-0.91014004
0.23950195,0.95166016,0.31103516,0.171875,0.36572266,0.65625,0.95336914,-0.044164002,0.03965,1.016077,0.04886922,0.036804635,-0.00015271631,0.43974,-0.36302,-0.91056
0.30859375,0.9519043,0.25756836,0.24438477,0.25830078,0.5751953,0.95336914,-0.046177004,0.040931,1.014186,0.045356747,0.036346484,0.0018325957,0.44142002,-0.36498,-0.91154
0.24145508,0.9511719,0.3100586,0.17333984,0.36279297,0.65405273,0.953125,-0.045506,0.039284002,1.018334,0.045967612,0.027947087,0.00015271631,0.4375,-0.35882002,-0.90846
0.30688477,0.95166016,0.25830078,0.24243164,0.2607422,0.5769043,0.953125,-0.043615002,0.038735002,1.015772,0.042913284,0.03604105,0.0010690142,0.4431,-0.36078,-0.90454
0.2434082,0.95166016,0.30859375,0.17602539,0.36035156,0.65234375,0.95336914,-0.043981,0.039711002,1.016077,0.040775258,0.03268129,0.0013744469,0.43218,-0.36386,-0.90874
0.3059082,0.95166016,0.25927734,0.2409668,0.26367188,0.5788574,0.95336914,-0.043188,0.042029,1.016565,0.04718934,0.03527747,0.0027488938,0.44058,-0.35994,-0.91056
0.24438477,0.95166016,0.3071289,0.17749023,0.35742188,0.6496582,0.953125,-0.046786997,0.040382,1.017663,0.046883907,0.032223143,0.0021380284,0.43806,-0.3619,-0.90342
0.3034668,0.95166016,0.2607422,0.23828125,0.26611328,0.5810547,0.953125,-0.043493,0.040748,1.017907,0.04260785,0.029932398,0.0018325957,0.44282,-0.35658,-0.90636
0.24633789,0.95166016,0.30615234,0.1784668,0.35473633,0.6484375,0.95336914,-0.042883,0.040809,1.017602,0.052076265,0.03390302,0.002443461,0.44282,-0.3605,-0.90594
0.30249023,0.95166016,0.26123047,0.23608398,0.2685547,0.58251953,0.95336914,-0.045262,0.040321,1.017724,0.0439823,0.030390546,-0.0025961774,0.43582,-0.36134,-0.9086
0.24731445,0.95166016,0.3034668,0.17993164,0.35205078,0.6455078,0.95336914,-0.044285998,0.041907,1.01504,0.04153884,0.03268129,0.0019853122,0.43862,-0.3605,-0.9086
0.2998047,0.95166016,0.2626953,0.23486328,0.27246094,0.5859375,0.95336914,-0.044834998,0.039894,1.017724,0.049632803,0.030237827,0.0030543262,0.43302,-0.35994,-0.90608
0.24902344,0.95166016,0.3010254,0.18334961,0.34814453,0.64331055,0.95336914,-0.043676,0.040748,1.016138,0.046883907,0.02687807,0.00030543262,0.44142002,-0.36246,-0.9065
0.296875,0.95166016,0.2644043,0.23242188,0.2763672,0.5888672,0.953125,-0.045201,0.038613,1.0149181,0.045814894,0.035124753,0.0032070428,0.4361,-0.36806,-0.91098
0.25195313,0.9519043,0.29956055,0.18579102,0.34423828,0.640625,0.95336914,-0.041968003,0.03843,1.0210791,0.04886922,0.032375857,0.00091629784,0.43078,-0.36246,-0.91182
0.29418945,0.95166016,0.26733398,0.23095703,0.28051758,0.59155273,0.953125,-0.041602,0.039528,1.012661,0.046120327,0.034513887,0.0019853122,0.44058,-0.36638,-0.91392
0.25512695,0.95214844,0.29760742,0.1899414,0.34033203,0.6369629,0.95336914,-0.045567002,0.041419,1.014369,0.04276057,0.03481932,0.00030543262,0.44002,-0.35966,-0.90804
0.29223633,0.95166016,0.2692871,0.22875977,0.28466797,0.5949707,0.95336914,-0.03904,0.033733003,1.0182121,0.042149704,0.035124753,0.00076358154,0.43162,-0.36106,-0.91462
0.25683594,0.95166016,0.29541016,0.19213867,0.33544922,0.63378906,0.95336914,-0.042883,0.042456,1.016748,0.04703662,0.033750307,0.0013744469,0.4389,-0.35826,-0.91308004
0.28930664,0.95166016,0.27294922,0.22387695,0.28979492,0.5986328,0.95336914,-0.048922002,0.04209,1.015589,0.05283984,0.032375857,0.002443461,0.43526,-0.35658,-0.91112
0.26171875,0.9519043,0.29370117,0.19384766,0.33203125,0.6311035,0.953125,-0.041784998,0.03782,1.014369,0.04230242,0.035888337,-0.00061086525,0.43918,-0.36106,-0.91532
0.2861328,0.9511719,0.2746582,0.22265625,0.29345703,0.6015625,0.95336914,-0.043615002,0.040260002,1.011807,0.038026363,0.03527747,-0.0010690142,0.4361,-0.36106,-0.90916
0.26342773,0.95166016,0.29101563,0.1965332,0.32617188,0.62646484,0.95336914,-0.046970002,0.037393,1.012478,0.045204025,0.03283401,0.0032070428,0.43638,-0.36946,-0.90916
0.28344727,0.95166016,0.2758789,0.21826172,0.29736328,0.60498047,0.953125,-0.03965,0.041968003,1.026996,0.04841107,0.035888337,0.002443461,0.44198,-0.36638,-0.9114
0.265625,0.95166016,0.28735352,0.20092773,0.32055664,0.62353516,0.95336914,-0.046909,0.038857,1.014125,0.048716504,0.03283401,0.0010690142,0.43582,-0.36106,-0.91644
0.28027344,0.953125,0.2788086,0.21484375,0.30273438,0.609375,0.953125,-0.044469003,0.038918,1.013149,0.04108069,0.03359759,-0.0012217305,0.44086,-0.3591,-0.91168
0.2705078,0.9526367,0.28686523,0.20483398,0.31640625,0.61987305,0.9543457,-0.041907,0.04087,1.018944,0.042455133,0.033292156,0.00091629784,0.43526,-0.36246,-0.91223997
0.27905273,0.9526367,0.28295898,0.21264648,0.3076172,0.61376953,0.9538574,-0.046726003,0.041297,1.015467,0.046578474,0.036804635,0.0021380284,0.44366,-0.35770002,-0.90720004
0.2734375,0.9526367,0.28466797,0.20678711,0.31054688,0.6152344,0.95336914,-0.03416,0.038064,0.99112797,0.041996986,0.02977968,0.00076358154,0.4389,-0.36134,-0.90748
0.2746582,0.9526367,0.28710938,0.20776367,0.31445313,0.6179199,0.95336914,-0.042456,0.038125,1.023214,0.046120327,0.037415497,-0.0012217305,0.43974,-0.36554,-0.9086
0.2783203,0.95166016,0.28198242,0.21191406,0.30566406,0.611084,0.95336914,-0.04819,0.042456,1.025166,0.040775258,0.03359759,-0.00030543262,0.43666,-0.36218,-0.90944
0.27148438,0.9519043,0.2890625,0.20581055,0.3190918,0.62109375,0.95336914,-0.043005,0.037576,1.0060121,0.04138612,0.0290161,0.0013744469,0.43526,-0.36946,-0.9149
0.2800293,0.95166016,0.27929688,0.21435547,0.3005371,0.6074219,0.9538574,-0.043798,0.042333998,1.012295,0.043676868,0.037873648,0.0018325957,0.44505998,-0.36470002,-0.90258
0.2685547,0.9519043,0.29052734,0.20117188,0.32299805,0.625,0.95336914,-0.043798,0.038796,1.017907,0.042455133,0.030085113,-0.00015271631,0.43778,-0.3703,-0.91014004
0.2824707,0.95166016,0.2763672,0.21728516,0.29589844,0.6035156,0.95336914,-0.043432,0.040016,1.015833,0.04337143,0.030848697,0.0025961774,0.43806,-0.36694,-0.91644
0.26586914,0.95166016,0.2919922,0.19873047,0.32763672,0.62768555,0.95336914,-0.041907,0.036783002,1.013698,0.04718934,0.037873648,0.0013744469,0.43945998,-0.36246,-0.91532
0.2854004,0.95166016,0.27392578,0.22021484,0.29101563,0.6015625,0.953125,-0.044347,0.040565,1.016748,0.043218717,0.032223143,0.00076358154,0.43862,-0.35798,-0.90944
0.2626953,0.95166016,0.2944336,0.19604492,0.33203125,0.63134766,0.95336914,-0.042395,0.038918,1.020347,0.043829583,0.034666605,0.0027488938,0.4431,-0.36442003,-0.9107
0.2890625,0.95166016,0.27172852,0.22363281,0.28710938,0.59765625,0.95336914,-0.044347,0.03965,1.015589,0.04764749,0.030237827,0.00091629784,0.44226,-0.3591,-0.90594
0.25976563,0.95166016,0.296875,0.19360352,0.33618164,0.6345215,0.95336914,-0.045262,0.040077,1.011807,0.045814894,0.03283401,0.002443461,0.44142002,-0.36358,-0.91672003
0.29125977,0.9526367,0.26953125,0.22583008,0.28295898,0.5944824,0.95336914,-0.043066002,0.038735002,1.0265081,0.044593163,0.032986723,0.003817908,0.44562,-0.36778,-0.91084003
0.25610352,0.95166016,0.29882813,0.19140625,0.3413086,0.6381836,0.95336914,-0.043736998,0.041846,1.017236,0.04734206,0.035888337,-0.0013744469,0.44198,-0.36554,-0.91209996
0.2932129,0.95166016,0.26708984,0.22949219,0.27905273,0.5905762,0.95336914,-0.045323003,0.038308,1.0134541,0.045356747,0.038637225,0.0019853122,0.43638,-0.36302,-0.91448
0.25390625,0.9526367,0.30151367,0.18945313,0.34570313,0.6413574,0.9543457,-0.042944,0.040565,1.018151,0.042913284,0.032223143,0.0019853122,0.43414003,-0.36862,-0.90972
0.296875,0.9519043,0.265625,0.23217773,0.27392578,0.5878906,0.95336914,-0.042151,0.037637003,1.0187,0.044898596,0.034361172,0.00030543262,0.4501,-0.35966,-0.91728
0.25219727,0.95166016,0.30371094,0.18481445,0.35009766,0.64453125,0.95336914,-0.045628004,0.039528,1.015589,0.039553523,0.03359759,0.0013744469,0.43945998,-0.36022002,-0.9156
0.2998047,0.9526367,0.26367188,0.23388672,0.27001953,0.5842285,0.95336914,-0.043920003,0.037759,1.016077,0.043829583,0.031154126,0.00015271631,0.43078,-0.36302,-0.9191
0.24951172,0.95166016,0.30615234,0.18164063,0.35351563,0.64697266,0.95336914,-0.044285998,0.040809,1.0057681,0.042913284,0.031306844,0.0015271631,0.44198,-0.3633,-0.91098
0.30273438,0.95166016,0.26098633,0.23510742,0.26733398,0.58203125,0.95336914,-0.045567002,0.039833,1.0186391,0.048258357,0.0290161,0.0012217305,0.43834,-0.36218,-0.91784
0.24633789,0.9519043,0.30664063,0.1796875,0.35595703,0.6489258,0.95336914,-0.045201,0.039162,1.019737,0.04153884,0.03359759,0.0033597588,0.43778,-0.35854,-0.917
0.30297852,0.95166016,0.25952148,0.23779297,0.26367188,0.57910156,0.953125,-0.044225004,0.038857,1.013942,0.03940081,0.034055736,0.00045814892,0.44366,-0.36218,-0.91209996
0.24511719,0.9511719,0.30810547,0.17553711,0.35888672,0.6508789,0.953125,-0.044164002,0.03965,1.011746,0.049632803,0.031306844,-0.00061086525,0.4417,-0.35938,-0.91238
0.30566406,0.9511719,0.25732422,0.23779297,0.2607422,0.5769043,0.95336914,-0.044164002,0.039955,1.0186391,0.04108069,0.031154126,0.0019853122,0.44282,-0.3675,-0.90902
0.24243164,0.95166016,0.30859375,0.17504883,0.36206055,0.6530762,0.95336914,-0.04148,0.037698,1.0173581,0.043218717,0.0355829,0.0018325957,0.43694,-0.35798,-0.91098
0.30688477,0.95214844,0.25683594,0.24145508,0.25976563,0.57592773,0.95336914,-0.044347,0.039223,1.012539,0.045204025,0.036651913,0.003817908,0.43638,-0.36078,-0.91686
0.2421875,0.9519043,0.3100586,0.17382813,0.3647461,0.654541,0.95336914,-0.044408,0.037881,1.018151,0.04138612,0.030237827,-0.00015271631,0.44002,-0.37198,-0.91252
0.30786133,0.95166016,0.25683594,0.24243164,0.25805664,0.5751953,0.95336914,-0.044469003,0.038674,1.017846,0.04841107,0.033292156,0.0018325957,0.43806,-0.36946,-0.90804
0.2421875,0.9511719,0.31103516,0.17260742,0.3671875,0.65625,0.953125,-0.047031,0.040626,1.01565,0.04627304,0.03527747,-0.00061086525,0.43834,-0.36442003,-0.91308004
0.30981445,0.9511719,0.25561523,0.24414063,0.25634766,0.57421875,0.95336914,-0.042029,0.038796,1.01565,0.05390886,0.03527747,0.0013744469,0.44338,-0.35238,-0.91503996
0.24121094,0.9506836,0.31201172,0.17285156,0.3671875,0.6567383,0.953125,-0.041846,0.04209,1.02114,0.0439823,0.038789947,0.0012217305,0.44086,-0.3521,-0.90916
0.31054688,0.9511719,0.25439453,0.24365234,0.25439453,0.5722656,0.95336914,-0.046604,0.037637003,1.000156,0.04566218,0.029474247,0.00015271631,0.43162,-0.3549,-0.91364
0.23852539,0.95166016,0.3112793,0.17089844,0.3671875,0.65771484,0.95336914,-0.041175,0.041602,1.023885,0.046120327,0.032223143,0.002443461,0.4403,-0.35714,-0.90622
0.30981445,0.9526367,0.2541504,0.24389648,0.25341797,0.5722656,0.9538574,-0.041419,0.03782,1.022787,0.05283984,0.03527747,0.0012217305,0.4389,-0.36834,-0.9086
0.23828125,0.9519043,0.3125,0.17041016,0.36816406,0.657959,0.95336914,-0.045262,0.037698,1.008269,0.04718934,0.034055736,0.00061086525,0.44058,-0.36638,-0.9086
0.31079102,0.9519043,0.25463867,0.24584961,0.25341797,0.5722656,0.95336914,-0.04209,0.039162,1.014613,0.04428773,0.034208454,-0.0021380284,0.4375,-0.35686,-0.91084003
0.23779297,0.9519043,0.31201172,0.17089844,0.36791992,0.65722656,0.95336914,-0.041846,0.040321,1.014125,0.043218717,0.03268129,-0.0015271631,0.43834,-0.36134,-0.90818
0.31079102,0.95214844,0.25390625,0.24414063,0.2529297,0.5715332,0.95336914,-0.043554,0.039833,1.0256541,0.04230242,0.02977968,0.00091629784,0.43945998,-0.35770002,-0.90846
0.23754883,0.95166016,0.31152344,0.16992188,0.36914063,0.6582031,0.953125,-0.043554,0.041541,1.015467,0.05390886,0.03756821,-0.0019853122,0.44142002,-0.3675,-0.91532
0.31079102,0.95166016,0.25390625,0.24560547,0.25317383,0.57128906,0.953125,-0.043676,0.038308,1.016321,0.05024367,0.035124753,0.0030543262,0.44114003,-0.36414,-0.90888
0.23828125,0.95166016,0.3112793,0.1694336,0.36865234,0.657959,0.95336914,-0.043920003,0.042212002,1.011441,0.040927973,0.033292156,-0.0012217305,0.43526,-0.3675,-0.90916
0.31054688,0.95166016,0.25390625,0.24658203,0.25390625,0.5720215,0.95336914,-0.044469003,0.037698,1.0182121,0.04642576,0.03604105,0.00045814892,0.43918,-0.36638,-0.9002
0.23828125,0.95166016,0.3112793,0.1706543,0.36791992,0.65771484,0.95336914,-0.045872003,0.041358,1.015101,0.043829583,0.034513887,-0.002443461,0.43386,-0.36302,-0.90958
0.30981445,0.9519043,0.25585938,0.2446289,0.25585938,0.57421875,0.95336914,-0.045383997,0.0366,1.020713,0.04642576,0.035124753,0.0030543262,0.4361,-0.3605,-0.91042
0.24121094,0.9519043,0.3112793,0.171875,0.3659668,0.65625,0.9538574,-0.046116002,0.039833,1.016138,0.04062254,0.037720934,-0.0016798794,0.4459,-0.36162,-0.91503996
0.30932617,0.95166016,0.25708008,0.24316406,0.25830078,0.57592773,0.953125,-0.041907,0.039955,1.013576,0.039706245,0.031459562,0.0032070428,0.43974,-0.36526,-0.91503996
0.2421875,0.95166016,0.3100586,0.1730957,0.36328125,0.6538086,0.95336914,-0.04514,0.041114002,1.014552,0.04841107,0.033292156,0.00091629784,0.43834,-0.36022002,-0.9114
0.3076172,0.95166016,0.2578125,0.2421875,0.2607422,0.5769043,0.95336914,-0.044896,0.039894,1.016931,0.04734206,0.031612277,0.00061086525,0.43722,-0.37142003,-0.91028005
0.2434082,0.95166016,0.30786133,0.17529297,0.36083984,0.6525879,0.95336914,-0.044591,0.039162,1.014857,0.04932737,0.028863382,-0.00030543262,0.44142002,-0.35938,-0.91126
0.3059082,0.9526367,0.25952148,0.24072266,0.26416016,0.5788574,0.9543457,-0.043188,0.040382,1.016077,0.046578474,0.034208454,0.0012217305,0.43554002,-0.35938,-0.9135
0.24609375,0.9519043,0.30859375,0.17675781,0.35986328,0.6513672,0.9543457,-0.04331,0.040260002,1.016626,0.04428773,0.030695979,-0.0010690142,0.43694,-0.36218,-0.91840005
0.30566406,0.9506836,0.26098633,0.23950195,0.26611328,0.58081055,0.953125,-0.043249,0.041297,1.013698,0.04108069,0.028252516,0.0030543262,0.44002,-0.3633,-0.91196
0.24707031,0.9506836,0.30664063,0.17773438,0.35595703,0.6484375,0.953125,-0.043249,0.041297,1.019432,0.04642576,0.032986723,-0.0012217305,0.44114003,-0.36134,-0.91252
0.30371094,0.9511719,0.2619629,0.23754883,0.2685547,0.58251953,0.953125,-0.041541,0.038308,1.010648,0.044898596,0.031459562,0.00045814892,0.43414003,-0.36526,-0.90496004
0.24829102,0.9506836,0.30541992,0.17993164,0.35327148,0.64697266,0.953125,-0.045872003,0.040687,1.035536,0.042455133,0.036651913,0.0013744469,0.4389,-0.35518,-0.90832
0.30273438,0.9506836,0.26367188,0.23486328,0.27197266,0.5852051,0.953125,-0.041784998,0.04148,1.016504,0.04153884,0.03390302,0.0027488938,0.43778,-0.36526,-0.91084003
0.2512207,0.9506836,0.30322266,0.18261719,0.3503418,0.64453125,0.953125,-0.045079004,0.039162,1.0140641,0.040775258,0.031001411,0.0012217305,0.4375,-0.36106,-0.91434
0.2998047,0.9511719,0.26513672,0.23339844,0.27490234,0.58740234,0.953125,-0.044834998,0.040077,1.016626,0.04444045,0.034055736,0,0.4403,-0.3661,-0.91112
0.25317383,0.9506836,0.30126953,0.18481445,0.3466797,0.64160156,0.953125,-0.044225004,0.041236,1.017114,0.04337143,0.03390302,0.00061086525,0.44534,-0.36273998,-0.91462
0.29785156,0.9506836,0.2668457,0.23046875,0.2788086,0.59033203,0.953125,-0.043493,0.036783002,1.014613,0.04550946,0.034513887,0.00045814892,0.4319,-0.36918,-0.91756
0.25512695,0.9506836,0.2998047,0.1875,0.3425293,0.6386719,0.953125,-0.044285998,0.038979,1.015101,0.042913284,0.03390302,0.0015271631,0.44114003,-0.36162,-0.91252
0.2956543,0.9506836,0.26953125,0.22802734,0.28271484,0.59375,0.953125,-0.044591,0.04087,1.016321,0.04718934,0.034972038,0.0039706244,0.43945998,-0.36442003,-0.91014004
0.25805664,0.9506836,0.29736328,0.1899414,0.33813477,0.63549805,0.953125,-0.044896,0.037698,1.018761,0.042913284,0.03527747,-0.00091629784,0.44226,-0.35798,-0.90944
0.29223633,0.9506836,0.27148438,0.22680664,0.2861328,0.59643555,0.953125,-0.045688998,0.042456,1.016382,0.04718934,0.034513887,-0.0015271631,0.43918,-0.36722,-0.90720004
0.2607422,0.9506836,0.29614258,0.19262695,0.33447266,0.6328125,0.953125,-0.044408,0.039406,1.01443,0.048258357,0.02977968,0.0019853122,0.44002,-0.36134,-0.90272003
0.2902832,0.9506836,0.27392578,0.22216797,0.2915039,0.59936523,0.953125,-0.044774003,0.039528,1.015101,0.04474588,0.03390302,0.0025961774,0.43834,-0.36918,-0.91266006
0.26293945,0.9506836,0.2939453,0.19580078,0.33007813,0.62939453,0.953125,-0.04514,0.042333998,1.016626,0.048258357,0.031764995,0.0021380284,0.44086,-0.37058,-0.91014004
0.28710938,0.9499512,0.2758789,0.2199707,0.2956543,0.6022949,0.953125,-0.044652,0.041724,1.014979,0.045814894,0.03283401,0.0018325957,0.43638,-0.36918,-0.91728
0.26586914,0.9506836,0.29077148,0.1977539,0.3256836,0.6257324,0.953125,-0.046116002,0.039467,1.017907,0.046731193,0.030390546,0.0036651914,0.44058,-0.36414,-0.91308004
0.2841797,0.9506836,0.27783203,0.21777344,0.2998047,0.60595703,0.953125,-0.042578,0.039894,1.014125,0.047800206,0.031612277,0,0.44226,-0.35798,-0.91616005
0.2685547,0.9499512,0.2890625,0.20043945,0.3215332,0.62280273,0.953125,-0.044042,0.041419,1.019188,0.04153884,0.03191771,-0.00015271631,0.43666,-0.3675,-0.92372
0.2824707,0.9511719,0.28051758,0.21533203,0.30517578,0.60961914,0.953125,-0.045201,0.037332002,1.006256,0.04550946,0.035430185,0.0036651914,0.43862,-0.3605,-0.9191
0.27270508,0.9506836,0.2866211,0.20458984,0.31640625,0.6188965,0.953125,-0.044774003,0.038735002,1.013271,0.039095376,0.033444874,0.0016798794,0.43778,-0.36162,-0.90762
0.27954102,0.9506836,0.28320313,0.21166992,0.3088379,0.61376953,0.953125,-0.043371003,0.042029,1.022604,0.04841107,0.034666605,0.0013744469,0.43862,-0.36973998,-0.90888
0.27563477,0.9506836,0.28393555,0.20751953,0.31103516,0.61499023,0.953125,-0.045018002,0.036966,1.014613,0.04474588,0.031459562,0,0.44058,-0.36134,-0.90678
0.2763672,0.9506836,0.28515625,0.20898438,0.31445313,0.61743164,0.953125,-0.041297,0.038674,1.013393,0.040164392,0.031306844,0.00076358154,0.43442002,-0.35518,-0.9135
0.27856445,0.9506836,0.28222656,0.2109375,0.30664063,0.61157227,0.953125,-0.042395,0.038857,1.016931,0.048716504,0.034208454,0.0022907446,0.43526,-0.35686,-0.91126
0.27368164,0.9506836,0.28955078,0.2055664,0.31982422,0.62158203,0.953125,-0.044896,0.038552,1.016138,0.04642576,0.034666605,0,0.43638,-0.35938,-0.90944
0.28344727,0.9511719,0.2800293,0.21411133,0.30200195,0.60791016,0.95336914,-0.045201,0.039345,1.016992,0.045967612,0.029474247,0.00030543262,0.4361,-0.36302,-0.9156
0.27124023,0.9477539,0.29003906,0.20166016,0.3232422,0.6242676,0.953125,-0.042212002,0.038125,1.016443,0.046578474,0.031459562,0.0015271631,0.43274,-0.36470002,-0.91209996
0.28515625,0.9511719,0.27685547,0.21728516,0.29711914,0.60424805,0.953125,-0.044103,0.038857,1.015162,0.045356747,0.035888337,0.00045814892,0.43554002,-0.3605,-0.90678
0.26757813,0.9511719,0.29248047,0.19921875,0.32763672,0.626709,0.953125,-0.043736998,0.042517003,1.013149,0.040164392,0.034972038,0.0021380284,0.43666,-0.36834,-0.90342
0.28735352,0.9506836,0.2758789,0.21923828,0.29370117,0.6015625,0.953125,-0.042578,0.04209,1.014979,0.0439823,0.035124753,0.00076358154,0.43245998,-0.36273998,-0.90272003
0.26586914,0.9511719,0.29370117,0.1965332,0.33081055,0.6298828,0.953125,-0.044042,0.038369,1.015162,0.04764749,0.030237827,0.0016798794,0.43918,-0.36022002,-0.90538
0.29003906,0.9511719,0.2734375,0.22143555,0.28955078,0.5986328,0.953125,-0.043798,0.038979,1.013149,0.049021933,0.033139437,0.0022907446,0.4417,-0.3633,-0.90468
0.26293945,0.95166016,0.29638672,0.1928711,0.3359375,0.6335449,0.953125,-0.044834998,0.040321,1.01687,0.046578474,0.035430185,-0.00290161,0.44198,-0.36106,-0.90776
0.29296875,0.9499512,0.27124023,0.2241211,0.28564453,0.5957031,0.95336914,-0.043981,0.039101,1.017236,0.04550946,0.03390302,-0.0015271631,0.43526,-0.35826,-0.91406
0.26000977,0.9506836,0.29833984,0.19189453,0.33911133,0.6359863,0.953125,-0.043127,0.039955,1.01565,0.04230242,0.031306844,0.00061086525,0.4375,-0.35938,-0.9156
0.29418945,0.9511719,0.26904297,0.2265625,0.28149414,0.59277344,0.953125,-0.044225004,0.040809,1.015284,0.04505131,0.032223143,0.00030543262,0.4361,-0.35378,-0.91811997
0.25708008,0.9511719,0.30029297,0.18920898,0.34326172,0.638916,0.95703125,-0.045932997,0.038674,1.016321,0.04260785,0.031306844,0.0025961774,0.43638,-0.36106,-0.91112
0.29614258,0.9511719,0.2668457,0.22851563,0.2770996,0.58984375,0.95336914,-0.043432,0.040199,1.017175,0.045967612,0.034361172,0.0018325957,0.43778,-0.36442003,-0.91364
0.2548828,0.9506836,0.3022461,0.18408203,0.34692383,0.64208984,0.953125,-0.044834998,0.038857,1.012844,0.04566218,0.033292156,0.0013744469,0.43274,-0.35938,-0.9128
0.29907227,0.9506836,0.26416016,0.22973633,0.27294922,0.5859375,0.953125,-0.045383997,0.040199,1.0126001,0.039248094,0.03481932,0.00045814892,0.4389,-0.35573998,-0.91448
0.25195313,0.9511719,0.3046875,0.18041992,0.3515625,0.64501953,0.953125,-0.043798,0.041297,1.015589,0.04444045,0.032986723,-0.0019853122,0.43442002,-0.36134,-0.91392
0.30249023,0.9511719,0.2626953,0.23388672,0.26953125,0.5830078,0.953125,-0.045383997,0.039223,1.0146741,0.05009095,0.039553523,0.0018325957,0.43386,-0.3605,-0.91741997
0.25024414,0.9506836,0.30615234,0.18066406,0.35473633,0.6472168,0.953125,-0.045688998,0.039223,1.016992,0.042149704,0.035124753,0.0018325957,0.43414003,-0.35658,-0.91406
0.3046875,0.9511719,0.26220703,0.23583984,0.2668457,0.5810547,0.9519043,-0.045079004,0.037942,1.02114,0.050549097,0.032986723,-0.0016798794,0.43582,-0.35966,-0.91546005
0.24975586,0.9511719,0.3076172,0.1784668,0.35766602,0.6491699,0.953125,-0.043127,0.039894,1.008513,0.050396383,0.034666605,0.002443461,0.43806,-0.36442003,-0.9107
0.30664063,0.9511719,0.25927734,0.23730469,0.26367188,0.5788574,0.953125,-0.043493,0.039406,1.013393,0.044135015,0.032986723,0.0022907446,0.43386,-0.3605,-0.90594
0.24609375,0.9506836,0.30859375,0.17529297,0.3605957,0.6513672,0.95336914,-0.045262,0.039955,1.020103,0.04932737,0.034055736,0.002443461,0.43918,-0.3619,-0.90986
0.3076172,0.9511719,0.2590332,0.23876953,0.26171875,0.5773926,0.95336914,-0.044713,0.040565,1.009489,0.04428773,0.032528576,0.004886922,0.43498,-0.36526,-0.91196
0.24536133,0.9511719,0.3095703,0.17529297,0.36279297,0.65283203,0.953125,-0.043188,0.03904,1.024495,0.04810564,0.037262782,0.002443461,0.4375,-0.36498,-0.917
0.30859375,0.9511719,0.25732422,0.2409668,0.25976563,0.5756836,0.953125,-0.043676,0.039894,1.018883,0.044593163,0.034972038,0.00045814892,0.43414003,-0.36414,-0.91168
0.24316406,0.95166016,0.3100586,0.17285156,0.3647461,0.6542969,0.953125,-0.041663002,0.041358,1.01382,0.043676868,0.03848451,0.0013744469,0.44058,-0.36022002,-0.90874
0.3095703,0.9506836,0.25585938,0.24169922,0.2578125,0.5744629,0.953125,-0.045445,0.038125,1.014613,0.04810564,0.03283401,0.0013744469,0.4403,-0.36470002,-0.90818
0.2421875,0.9506836,0.3112793,0.17211914,0.36645508,0.65625,0.95336914,-0.043188,0.038796,1.014613,0.048716504,0.032986723,0.00091629784,0.44645998,-0.36386,-0.91364
0.31054688,0.9506836,0.25585938,0.24316406,0.25634766,0.57421875,0.95336914,-0.042944,0.039955,1.017236,0.0439823,0.031154126,-0.0021380284,0.43358,-0.35658,-0.9128
0.2421875,0.9511719,0.3125,0.171875,0.36743164,0.65722656,0.953125,-0.045383997,0.038857,1.01626,0.04337143,0.035735615,0.00015271631,0.43078,-0.35882002,-0.91209996
0.3125,0.9506836,0.25561523,0.24316406,0.25463867,0.5727539,0.953125,-0.043432,0.039589,1.015162,0.039553523,0.03191771,-0.0015271631,0.43666,-0.35854,-0.91
0.24145508,0.9506836,0.31298828,0.1694336,0.36865234,0.657959,0.953125,-0.044347,0.039284002,1.015162,0.045204025,0.029626966,-0.00015271631,0.44254002,-0.36273998,-0.91294
0.31347656,0.9506836,0.25610352,0.24536133,0.25439453,0.57250977,0.953125,-0.042333998,0.03721,1.015955,0.038026363,0.03390302,-0.00061086525,0.4347,-0.35798,-0.91756
0.24145508,0.9506836,0.31396484,0.16967773,0.36865234,0.6582031,0.953125,-0.045811,0.040016,1.015955,0.0439823,0.028405234,0,0.4347,-0.36582002,-0.91602004
0.31396484,0.95166016,0.25561523,0.2446289,0.25390625,0.5722656,0.953125,-0.0427,0.039772,1.0146741,0.047952924,0.0355829,0.00076358154,0.44058,-0.36106,-0.90944
0.24047852,0.9499512,0.31347656,0.1706543,0.36938477,0.657959,0.953125,-0.044774003,0.039345,1.016809,0.0439823,0.03390302,0.0018325957,0.43834,-0.36526,-0.91924
0.31323242,0.9511719,0.2548828,0.24536133,0.2536621,0.5715332,0.953125,-0.045506,0.039284002,1.017419,0.047800206,0.03283401,0.00015271631,0.43386,-0.36834,-0.91209996
0.23950195,0.9511719,0.31347656,0.16967773,0.36914063,0.65771484,0.95336914,-0.041114002,0.038369,1.0149181,0.046731193,0.034055736,0.00076358154,0.44142002,-0.36973998,-0.91
0.31323242,0.95166016,0.2548828,0.24609375,0.25317383,0.5708008,0.95703125,-0.044042,0.039467,1.016687,0.040317107,0.029932398,0.0010690142,0.43302,-0.36218,-0.91182
0.2397461,0.9501953,0.31298828,0.16918945,0.36987305,0.6582031,0.953125,-0.043249,0.037637003,1.016382,0.047494777,0.03527747,0.00076358154,0.4319,-0.36946,-0.91098
0.31347656,0.9499512,0.25439453,0.24438477,0.25390625,0.57128906,0.95336914,-0.043432,0.038796,1.009855,0.047800206,0.03283401,0.0016798794,0.43386,-0.36302,-0.91
0.24023438,0.9506836,0.31298828,0.1694336,0.36914063,0.65771484,0.953125,-0.041907,0.039223,1.020713,0.04230242,0.037262782,0.00076358154,0.43722,-0.36442003,-0.90790004
0.31274414,0.9511719,0.25512695,0.24536133,0.2553711,0.5727539,0.953125,-0.047702,0.042883,1.010587,0.04642576,0.03390302,0.0018325957,0.44366,-0.3633,-0.9114
0.24047852,0.9511719,0.31152344,0.17041016,0.3671875,0.65649414,0.953125,-0.042517003,0.038613,1.0182121,0.04352415,0.032986723,-0.0010690142,0.43498,-0.35546,-0.9037
0.31079102,0.9506836,0.25634766,0.24291992,0.25683594,0.57421875,0.953125,-0.041907,0.038674,1.016626,0.04734206,0.032223143,0.0036651914,0.4319,-0.36134,-0.91238
0.24243164,0.9506836,0.3100586,0.17236328,0.3642578,0.654541,0.953125,-0.043920003,0.041236,1.013881,0.042149704,0.031306844,0.00045814892,0.44282,-0.36498,-0.91112
0.30981445,0.9511719,0.25634766,0.24145508,0.25952148,0.57592773,0.95336914,-0.043859,0.03904,1.01992,0.044898596,0.033444874,0.00091629784,0.43106,-0.36134,-0.91476
0.2434082,0.9506836,0.30859375,0.17382813,0.36328125,0.6533203,0.953125,-0.043371003,0.037698,1.017602,0.046731193,0.03527747,0.0015271631,0.43554002,-0.35966,-0.91672003
0.30859375,0.9506836,0.2578125,0.2409668,0.2626953,0.578125,0.953125,-0.042333998,0.041846,1.018761,0.045967612,0.030085113,0.00030543262,0.4403,-0.36442003,-0.90972
0.24536133,0.9506836,0.30688477,0.1743164,0.3605957,0.65234375,0.953125,-0.04453,0.040138,1.0158939,0.04352415,0.03283401,0.0033597588,0.43694,-0.36386,-0.90411997
0.30664063,0.9506836,0.25878906,0.23901367,0.265625,0.5800781,0.953125,-0.043127,0.040016,1.015406,0.04428773,0.037262782,0.00061086525,0.43414003,-0.36946,-0.90720004
0.24682617,0.95166016,0.30639648,0.17773438,0.35791016,0.6508789,0.953125,-0.045079004,0.042639,1.015467,0.041691557,0.036804635,-0.0013744469,0.43554002,-0.36582002,-0.90972
0.30566406,0.95166016,0.2607422,0.23779297,0.26708984,0.58203125,0.953125,-0.043859,0.037027,1.017663,0.045967612,0.034972038,0.0021380284,0.4361,-0.3703,-0.91028005
0.24902344,0.9511719,0.30517578,0.17797852,0.3544922,0.6484375,0.95336914,-0.043981,0.041724,1.015711,0.04764749,0.03527747,0.00045814892,0.43862,-0.35854,-0.90958
0.30371094,0.9506836,0.26220703,0.23486328,0.2685547,0.5834961,0.953125,-0.041724,0.040931,1.016687,0.042149704,0.032070424,-0.00091629784,0.43722,-0.36106,-0.90916
0.25073242,0.9511719,0.30371094,0.17822266,0.35229492,0.6459961,0.953125,-0.043859,0.039528,1.016687,0.038637225,0.032375857,0.002443461,0.43862,-0.36302,-0.91028005
0.3022461,0.9506836,0.26342773,0.23388672,0.2722168,0.5859375,0.953125,-0.046909,0.042578,1.016443,0.045204025,0.034972038,0.00290161,0.43414003,-0.36134,-0.91028005
0.25219727,0.9506836,0.3022461,0.18066406,0.34887695,0.64331055,0.953125,-0.042212002,0.03782,1.019798,0.04260785,0.034666605,0.00030543262,0.43945998,-0.36498,-0.90888
0.30078125,0.9511719,0.26513672,0.2319336,0.2763672,0.5883789,0.953125,-0.041784998,0.041602,1.016077,0.048563786,0.037720934,-0.00015271631,0.43582,-0.36834,-0.90734005
0.2541504,0.9511719,0.30078125,0.18408203,0.34570313,0.6413574,0.953125,-0.045323003,0.038369,1.013759,0.04734206,0.031154126,0.0015271631,0.43834,-0.36386,-0.90706
0.29858398,0.9506836,0.26708984,0.22827148,0.27954102,0.5908203,0.953125,-0.04148,0.038796,1.018761,0.044593163,0.032070424,0.0012217305,0.44842002,-0.3661,-0.90762
0.25683594,0.9506836,0.2980957,0.1850586,0.34106445,0.6374512,0.953125,-0.043066002,0.042639,1.0187,0.043066002,0.032223143,-0.0030543262,0.4445,-0.36470002,-0.90804
0.29541016,0.95166016,0.26953125,0.22729492,0.28320313,0.5942383,0.953125,-0.044896,0.038735002,1.016138,0.052076265,0.030695979,-0.0015271631,0.43918,-0.36106,-0.9086
0.25952148,0.94970703,0.29663086,0.1899414,0.33740234,0.6347656,0.953125,-0.04331,0.039345,1.017419,0.04566218,0.03695735,0.0016798794,0.44366,-0.36806,-0.90958
0.29296875,0.9511719,0.27197266,0.22436523,0.28759766,0.59765625,0.953125,-0.045994,0.04087,1.017114,0.04474588,0.031764995,0.00030543262,0.44142002,-0.36526,-0.91
0.26245117,0.9506836,0.29467773,0.19189453,0.33325195,0.6315918,0.953125,-0.042639,0.039528,1.017236,0.045967612,0.034513887,0.0010690142,0.4389,-0.36246,-0.90888
0.29003906,0.9506836,0.27392578,0.22143555,0.2915039,0.60009766,0.953125,-0.044285998,0.040443,1.013759,0.04566218,0.034666605,-0.00061086525,0.43806,-0.3675,-0.91238
0.26464844,0.95166016,0.29296875,0.1953125,0.32861328,0.62890625,0.953125,-0.044957,0.039162,1.019493,0.050701816,0.032070424,0.00015271631,0.4431,-0.3605,-0.91308004
0.28759766,0.94970703,0.2763672,0.21875,0.29614258,0.6032715,0.953125,-0.045018002,0.040382,1.016382,0.045967612,0.03191771,0.0032070428,0.43722,-0.37002,-0.90524
0.26757813,0.9506836,0.28955078,0.19873047,0.32373047,0.625,0.953125,-0.041907,0.040321,1.016504,0.039095376,0.036346484,0.0016798794,0.43945998,-0.36498,-0.90691996
0.2841797,0.9501953,0.27734375,0.21582031,0.30078125,0.6069336,0.953125,-0.041907,0.038247,1.016138,0.044135015,0.037415497,0,0.4347,-0.36022002,-0.91154
0.26953125,0.9506836,0.28686523,0.20092773,0.31835938,0.62109375,0.953125,-0.045628004,0.038796,1.017053,0.049021933,0.03527747,0.00061086525,0.44422,-0.3661,-0.90720004
0.28125,0.9506836,0.27978516,0.21264648,0.3046875,0.6098633,0.953125,-0.043188,0.039467,1.01626,0.04627304,0.036804635,0.00091629784,0.4389,-0.36554,-0.90664
0.27246094,0.94873047,0.2841797,0.203125,0.31176758,0.61572266,0.951416,-0.041846,0.040626,1.01565,0.044135015,0.030848697,0.0016798794,0.44198,-0.36358,-0.90902
0.27734375,0.95166016,0.28173828,0.20703125,0.31054688,0.6140137,0.95336914,-0.043615002,0.039711002,1.0173581,0.04108069,0.03191771,0.00091629784,0.43554002,-0.36694,-0.90384
0.2746582,0.9511719,0.28125,0.20532227,0.3095703,0.61376953,0.95336914,-0.043127,0.040077,1.017846,0.046578474,0.031154126,0.0019853122,0.44786,-0.3675,-0.91126
0.2746582,0.95166016,0.28515625,0.20483398,0.31640625,0.61865234,0.95336914,-0.041724,0.039284002,1.019371,0.04108069,0.032223143,0.0030543262,0.43245998,-0.36498,-0.90440005
0.28027344,0.95214844,0.27954102,0.20947266,0.30517578,0.6105957,0.95336914,-0.043493,0.038857,1.017907,0.044898596,0.030543264,0.002443461,0.43862,-0.35854,-0.9065
0.27172852,0.9519043,0.2890625,0.20117188,0.3227539,0.62353516,0.95336914,-0.049837,0.041053,1.015833,0.045967612,0.030848697,0.0022907446,0.44338,-0.3661,-0.91042
0.28320313,0.95214844,0.27978516,0.21533203,0.30322266,0.609375,0.95336914,-0.043432,0.038064,1.016809,0.045967612,0.036346484,-0.00015271631,0.44226,-0.3549,-0.90691996
0.27172852,0.95166016,0.29174805,0.20263672,0.32714844,0.626709,0.95336914,-0.044469003,0.038918,1.018273,0.046883907,0.03283401,0.0018325957,0.43778,-0.36358,-0.9107
0.28808594,0.95214844,0.27685547,0.21826172,0.29638672,0.6035156,0.95336914,-0.044408,0.039833,1.016565,0.04764749,0.03191771,-0.00076358154,0.43498,-0.36218,-0.91672003
0.26757813,0.95166016,0.2932129,0.19799805,0.32910156,0.62890625,0.953125,-0.043371003,0.037332002,1.015467,0.04046982,0.0364992,0.0013744469,0.43554002,-0.36498,-0.91616005
0.2890625,0.95166016,0.27441406,0.21875,0.29101563,0.6003418,0.95336914,-0.046421003,0.040443,1.014796,0.04428773,0.032070424,-0.00045814892,0.44282,-0.36162,-0.9065
0.26489258,0.95166016,0.29492188,0.19360352,0.3322754,0.6311035,0.953125,-0.04209,0.041663002,1.017175,0.04932737,0.034055736,-0.00015271631,0.43554002,-0.36666,-0.90902
0.29101563,0.95166016,0.27172852,0.2211914,0.28710938,0.5969238,0.953125,-0.044591,0.038613,1.016626,0.049021933,0.032223143,0.0019853122,0.4445,-0.3591,-0.91112
0.2619629,0.95166016,0.29663086,0.19189453,0.33789063,0.63427734,0.953125,-0.045383997,0.039223,1.012295,0.04444045,0.030695979,-0.0012217305,0.4375,-0.36442003,-0.9065
0.2932129,0.95166016,0.26904297,0.22436523,0.28295898,0.59399414,0.95336914,-0.04331,0.037942,1.013759,0.043676868,0.029626966,0.0016798794,0.44422,-0.36134,-0.91126
0.25878906,0.9526367,0.29833984,0.18896484,0.3408203,0.63720703,0.9550781,-0.045201,0.039101,1.015406,0.052687127,0.03604105,0.00076358154,0.43974,-0.36526,-0.91756
0.29467773,0.9519043,0.26733398,0.22607422,0.27929688,0.5913086,0.95336914,-0.042333998,0.039772,1.0144911,0.046883907,0.035430185,0.00091629784,0.44058,-0.37086,-0.91406
0.25561523,0.95166016,0.30078125,0.18603516,0.34521484,0.64086914,0.95336914,-0.046482,0.03721,1.01748,0.046120327,0.03359759,0.00076358154,0.4319,-0.3661,-0.91014004
0.29833984,0.9511719,0.26342773,0.22998047,0.27539063,0.5876465,0.953125,-0.042578,0.040687,1.016687,0.05100725,0.03527747,0.0016798794,0.43974,-0.36078,-0.9114
0.2529297,0.95166016,0.30126953,0.18432617,0.35009766,0.64453125,0.95336914,-0.042212002,0.040138,1.018944,0.04184427,0.033444874,0.0012217305,0.44534,-0.3619,-0.90790004
0.30078125,0.95166016,0.26098633,0.23339844,0.27124023,0.5839844,0.95336914,-0.045445,0.038857,1.0173581,0.043676868,0.031306844,-0.00061086525,0.44058,-0.36834,-0.91378003
0.25,0.9526367,0.30371094,0.18066406,0.3540039,0.64624023,0.95336914,-0.042395,0.039467,1.016931,0.04627304,0.037415497,0.0018325957,0.43274,-0.35882002,-0.91098
0.30297852,0.9519043,0.26171875,0.23583984,0.2685547,0.5827637,0.9538574,-0.043432,0.03843,1.017724,0.045814894,0.03527747,0,0.43862,-0.3661,-0.91392
0.24975586,0.95288086,0.3071289,0.17895508,0.3569336,0.64868164,0.95336914,-0.044713,0.039101,1.0187,0.046578474,0.02932153,-0.003817908,0.43358,-0.36973998,-0.91546005
0.30493164,0.9526367,0.26171875,0.23754883,0.265625,0.5805664,0.95336914,-0.044834998,0.040382,1.0183951,0.04566218,0.034055736,0.0022907446,0.44366,-0.36498,-0.92190003
0.24829102,0.9526367,0.30908203,0.17626953,0.359375,0.65112305,0.95336914,-0.042395,0.042333998,1.015955,0.047952924,0.031764995,0.003817908,0.43945998,-0.36358,-0.91686
0.3076172,0.9511719,0.2590332,0.23754883,0.2626953,0.578125,0.953125,-0.045201,0.039162,1.010892,0.0439823,0.034666605,-0.00076358154,0.44254002,-0.35966,-0.91574
0.24511719,0.9519043,0.3095703,0.17456055,0.3618164,0.65283203,0.95336914,-0.043493,0.038674,1.015284,0.04703662,0.03268129,0.0033597588,0.43694,-0.35854,-0.91503996
0.3088379,0.95166016,0.2578125,0.23925781,0.26098633,0.57666016,0.95336914,-0.045811,0.041602,1.016138,0.04444045,0.032986723,0.00015271631,0.44226,-0.36106,-0.91784
0.24511719,0.95166016,0.30908203,0.17358398,0.36376953,0.65405273,0.95336914,-0.045323003,0.042029,1.016138,0.04886922,0.034208454,0.003817908,0.44758,-0.36302,-0.9156
0.3088379,0.95166016,0.25610352,0.2397461,0.25878906,0.5749512,0.95336914,-0.041663002,0.036966,1.01626,0.043676868,0.03359759,0.00061086525,0.44505998,-0.36918,-0.91714
0.24316406,0.9526367,0.3095703,0.171875,0.36621094,0.65527344,0.9543457,-0.044957,0.04087,1.016321,0.04550946,0.033750307,0.0027488938,0.44505998,-0.3591,-0.91392
0.30981445,0.95166016,0.25463867,0.24243164,0.2578125,0.57421875,0.95336914,-0.042212002,0.041358,1.018029,0.039095376,0.03191771,0.0016798794,0.4389,-0.35938,-0.91336
0.2421875,0.9511719,0.3100586,0.17260742,0.3671875,0.65625,0.95336914,-0.040992,0.036050998,1.017175,0.04886922,0.033292156,-0.00045814892,0.44226,-0.35462,-0.91434
0.31152344,0.95166016,0.2548828,0.24267578,0.25634766,0.5732422,0.953125,-0.045445,0.040382,1.017236,0.05085453,0.03191771,0.00091629784,0.44254002,-0.36386,-0.91084003
0.24243164,0.9511719,0.31030273,0.17041016,0.36791992,0.6567383,0.95336914,-0.043127,0.038491,1.018517,0.043066002,0.033444874,0.0013744469,0.4403,-0.37086,-0.91196
0.31176758,0.95166016,0.25341797,0.24291992,0.2548828,0.5727539,0.953125,-0.045383997,0.039955,1.015345,0.049021933,0.026267204,0.0019853122,0.44254002,-0.36918,-0.91476
0.24047852,0.9526367,0.31079102,0.16918945,0.36938477,0.65722656,0.95336914,-0.044957,0.038247,1.016016,0.04505131,0.035430185,0.00076358154,0.44226,-0.36862,-0.91028005
0.3125,0.9511719,0.25390625,0.2446289,0.25512695,0.5720215,0.95336914,-0.044103,0.04087,1.017602,0.046120327,0.038637225,0.0025961774,0.43945998,-0.36078,-0.91406
0.24072266,0.95166016,0.31201172,0.17138672,0.36914063,0.65771484,0.9538574,-0.044957,0.039711002,1.01992,0.04153884,0.034208454,0.0010690142,0.44058,-0.36582002,-0.90944
0.31274414,0.95166016,0.25390625,0.24560547,0.25463867,0.5722656,0.95336914,-0.047336,0.039101,1.015772,0.049785517,0.030237827,0,0.43945998,-0.3675,-0.92120004
0.24121094,0.95166016,0.31152344,0.17041016,0.36914063,0.657959,0.95336914,-0.044652,0.03904,1.018456,0.045967612,0.034208454,0.00290161,0.44002,-0.36414,-0.9163
0.31274414,0.95166016,0.25390625,0.24511719,0.25463867,0.5720215,0.95336914,-0.043981,0.041358,1.01565,0.05100725,0.03191771,0.0018325957,0.4361,-0.35798,-0.91797996
0.24072266,0.95166016,0.31176758,0.16967773,0.36914063,0.65771484,0.95336914,-0.044347,0.038003,1.018517,0.045814894,0.035124753,0.00045814892,0.4333,-0.35882002,-0.91672003
0.3125,0.9506836,0.25390625,0.24609375,0.25439453,0.57177734,0.953125,-0.045506,0.039162,1.017114,0.04810564,0.0364992,0.0015271631,0.43918,-0.3675,-0.91503996
0.24023438,0.95166016,0.31201172,0.1694336,0.36865234,0.65771484,0.95336914,-0.043981,0.039528,1.015284,0.044135015,0.031001411,0.00030543262,0.43666,-0.3619,-0.91168
0.31323242,0.9511719,0.25390625,0.24438477,0.25512695,0.57177734,0.95336914,-0.045872003,0.037027,1.016077,0.046120327,0.03283401,0.0013744469,0.44478,-0.36246,-0.91588
0.24047852,0.9519043,0.31152344,0.1694336,0.3684082,0.6567383,0.9543457,-0.041724,0.038552,1.0146741,0.042455133,0.032070424,0.00045814892,0.44366,-0.35994,-0.91503996
0.31176758,0.9519043,0.2553711,0.24438477,0.2565918,0.5732422,0.95336914,-0.04148,0.039406,1.017907,0.044593163,0.032070424,-0.0010690142,0.44338,-0.36722,-0.91364
0.24145508,0.95166016,0.3100586,0.17089844,0.36621094,0.65625,0.95336914,-0.045872003,0.039589,1.016748,0.04703662,0.030390546,0.0021380284,0.43666,-0.36694,-0.91840005
0.31079102,0.95166016,0.25610352,0.24316406,0.25878906,0.57470703,0.95336914,-0.042883,0.037637003,1.012905,0.042455133,0.033750307,0.00045814892,0.4431,-0.36778,-0.91042
0.24389648,0.95166016,0.30859375,0.17163086,0.36279297,0.6538086,0.953125,-0.042333998,0.04209,1.016931,0.04627304,0.034666605,0.0022907446,0.4389,-0.35826,-0.91392
0.3095703,0.95166016,0.25732422,0.2409668,0.26123047,0.5769043,0.95336914,-0.044896,0.039589,1.016199,0.043218717,0.03695735,0.00290161,0.44366,-0.36442003,-0.91364
0.24609375,0.95166016,0.3076172,0.1743164,0.3623047,0.6525879,0.953125,-0.043981,0.041175,1.017846,0.044593163,0.031459562,-0.00015271631,0.44814003,-0.3661,-0.91182
0.30859375,0.9519043,0.25854492,0.24072266,0.26391602,0.5788574,0.95336914,-0.043249,0.041419,1.013942,0.046883907,0.03695735,0.00091629784,0.44282,-0.36918,-0.90958
0.24682617,0.9519043,0.30786133,0.17578125,0.35986328,0.6513672,0.95336914,-0.046543,0.039894,1.015711,0.04352415,0.034361172,0.0025961774,0.43974,-0.36273998,-0.91476
0.3071289,0.95166016,0.2602539,0.23852539,0.26611328,0.5805664,0.95336914,-0.044103,0.03843,1.018029,0.046731193,0.03268129,0.00091629784,0.43302,-0.36526,-0.91209996
0.24780273,0.9519043,0.30615234,0.17749023,0.35742188,0.6491699,0.95336914,-0.042273,0.038796,1.022299,0.05024367,0.038789947,0.0027488938,0.44282,-0.36498,-0.91196
0.30541992,0.9519043,0.26123047,0.23706055,0.26831055,0.58203125,0.95336914,-0.045383997,0.043066002,1.011563,0.04153884,0.03390302,0.0022907446,0.4375,-0.35238,-0.90916
0.24926758,0.95166016,0.3046875,0.17822266,0.3544922,0.6472168,0.953125,-0.044347,0.039833,1.016809,0.04932737,0.032986723,0.0016798794,0.4361,-0.35994,-0.91098
0.30322266,0.9511719,0.26123047,0.23583984,0.2709961,0.5839844,0.95336914,-0.0427,0.040504,1.017907,0.04566218,0.035735615,0,0.4431,-0.36526,-0.91126
0.25073242,0.95166016,0.3022461,0.18017578,0.35229492,0.64501953,0.95336914,-0.045323003,0.040687,1.01382,0.04337143,0.0364992,0.00015271631,0.43526,-0.36134,-0.91392
0.3010254,0.95166016,0.2626953,0.234375,0.27416992,0.5864258,0.95336914,-0.0427,0.038186003,1.019554,0.04917465,0.033444874,0.0015271631,0.43498,-0.36834,-0.91266006
0.25317383,0.9511719,0.29956055,0.18359375,0.3486328,0.6425781,0.953125,-0.047946,0.038491,1.014003,0.04184427,0.035430185,0.0012217305,0.43386,-0.36134,-0.90888
0.29907227,0.95166016,0.2631836,0.23291016,0.27783203,0.5888672,0.95336914,-0.043798,0.039955,1.017419,0.047494777,0.032375857,0.00061086525,0.4403,-0.37198,-0.91196
0.2548828,0.95166016,0.29785156,0.18530273,0.34472656,0.640625,0.95336914,-0.044042,0.037393,1.017602,0.0439823,0.03359759,0.00045814892,0.44142002,-0.3633,-0.90552
0.29711914,0.9511719,0.26538086,0.22924805,0.28149414,0.592041,0.953125,-0.044957,0.040504,1.015833,0.045356747,0.033750307,0.00076358154,0.44002,-0.37114,-0.91616005
0.25732422,0.9519043,0.296875,0.18676758,0.3413086,0.6374512,0.95336914,-0.043676,0.039467,1.0186391,0.041691557,0.028405234,0.00061086525,0.43806,-0.37338,-0.92204
0.29516602,0.9526367,0.2685547,0.22631836,0.28466797,0.5949707,0.9538574,-0.042395,0.039467,1.012417,0.048563786,0.034208454,0.0018325957,0.43974,-0.3675,-0.92091995
0.26000977,0.95166016,0.29541016,0.1887207,0.33740234,0.6347656,0.95336914,-0.044285998,0.040809,1.018029,0.041233405,0.032375857,0.0010690142,0.44142002,-0.36973998,-0.91686
0.29296875,0.9519043,0.2705078,0.22436523,0.2890625,0.59765625,0.95336914,-0.045383997,0.040809,1.0192491,0.04337143,0.034361172,0.00030543262,0.43694,-0.36862,-0.92091995
0.2619629,0.95166016,0.29345703,0.19213867,0.33276367,0.63183594,0.95336914,-0.039955,0.041297,1.018578,0.04062254,0.037110064,0.0013744469,0.4431,-0.36498,-0.91882
0.29077148,0.95166016,0.27197266,0.22143555,0.29248047,0.6003418,0.95336914,-0.0427,0.038674,1.0149181,0.046883907,0.034513887,-0.00061086525,0.43778,-0.37002,-0.917
0.26464844,0.9519043,0.2915039,0.19384766,0.32910156,0.62890625,0.95336914,-0.047946,0.038552,1.013332,0.04230242,0.029474247,-0.0021380284,0.4333,-0.36862,-0.91364
0.28808594,0.95166016,0.27441406,0.21777344,0.29663086,0.60302734,0.95336914,-0.042761,0.041724,1.014979,0.042913284,0.034513887,-0.00030543262,0.43778,-0.36946,-0.91672003
0.26757813,0.95166016,0.28955078,0.19702148,0.32470703,0.625,0.953125,-0.043920003,0.038979,1.014857,0.0514654,0.034361172,0.00076358154,0.43806,-0.36106,-0.91336
0.2861328,0.9526367,0.27807617,0.21459961,0.3005371,0.60668945,0.95336914,-0.044713,0.038491,1.015406,0.049480088,0.032528576,0.002443461,0.44618,-0.37142003,-0.91784
0.2697754,0.9519043,0.28808594,0.19970703,0.32080078,0.6220703,0.95336914,-0.041784998,0.039345,1.019554,0.050549097,0.03390302,0.00015271631,0.4389,-0.36134,-0.91672003
0.2824707,0.9519043,0.27978516,0.21240234,0.30541992,0.6101074,0.95336914,-0.043981,0.039833,1.015345,0.043829583,0.03283401,-0.00061086525,0.43106,-0.36554,-0.91308004
0.2734375,0.95166016,0.28564453,0.20385742,0.31567383,0.61865234,0.95336914,-0.045201,0.038796,1.016687,0.049938235,0.035888337,0.0022907446,0.42742002,-0.36358,-0.9051
0.28125,0.95166016,0.28271484,0.20947266,0.31030273,0.6135254,0.95336914,-0.043493,0.041358,1.016443,0.045967612,0.03268129,0.0016798794,0.43945998,-0.36722,-0.91196
0.2775879,0.95166016,0.28271484,0.20654297,0.31201172,0.6147461,0.95336914,-0.043066002,0.038247,1.023702,0.04810564,0.03390302,-0.00091629784,0.4361,-0.36806,-0.91014004
0.2775879,0.95166016,0.28466797,0.20605469,0.3149414,0.6171875,0.953125,-0.046421003,0.040504,1.012844,0.04810564,0.032986723,0.0013744469,0.43945998,-0.37002,-0.91028005
0.28027344,0.95166016,0.28027344,0.20800781,0.30688477,0.6113281,0.95336914,-0.041846,0.037149,1.012966,0.045356747,0.035124753,0.00290161,0.43274,-0.3619,-0.90972
0.2746582,0.9526367,0.28686523,0.20263672,0.3203125,0.62109375,0.9538574,-0.042761,0.040016,1.020896,0.04627304,0.032223143,0.00061086525,0.4375,-0.36218,-0.91840005
0.28271484,0.95166016,0.27734375,0.21289063,0.3017578,0.6074219,0.953125,-0.044225004,0.040260002,1.016992,0.04703662,0.03481932,-0.00015271631,0.43414003,-0.36554,-0.91209996
0.2705078,0.95166016,0.28808594,0.19970703,0.32421875,0.62402344,0.95336914,-0.046604,0.039284002,1.017297,0.04138612,0.032223143,-0.00030543262,0.43358,-0.36582002,-0.90691996
0.2854004,0.9511719,0.27514648,0.21606445,0.29760742,0.6044922,0.95336914,-0.044164002,0.040687,1.017907,0.04734206,0.03268129,-0.00091629784,0.43582,-0.36442003,-0.90720004
0.2685547,0.9511719,0.28955078,0.19799805,0.32763672,0.626709,0.95336914,-0.042578,0.040931,1.016382,0.04474588,0.036193766,0.0021380284,0.43274,-0.36498,-0.90720004
0.28710938,0.95166016,0.2722168,0.21826172,0.29345703,0.6015625,0.95336914,-0.046665,0.03904,1.017846,0.0439823,0.032070424,0.00045814892,0.4403,-0.3563,-0.91014004
0.265625,0.9526367,0.2919922,0.19555664,0.3317871,0.6303711,0.95336914,-0.04331,0.039711002,1.01687,0.039095376,0.03481932,-0.00076358154,0.4361,-0.36778,-0.91042
0.29003906,0.95166016,0.2709961,0.22143555,0.28979492,0.59887695,0.953125,-0.044652,0.03965,1.014003,0.045814894,0.03756821,0.0015271631,0.4403,-0.3633,-0.91392
0.26293945,0.9519043,0.2944336,0.19311523,0.3359375,0.6333008,0.95336914,-0.043005,0.039955,1.01504,0.045967612,0.035124753,0.0036651914,0.43386,-0.37282002,-0.90636
0.2919922,0.9519043,0.2692871,0.22265625,0.28564453,0.5957031,0.95336914,-0.047031,0.038979,1.018151,0.045814894,0.03359759,0.0012217305,0.43358,-0.3619,-0.90454
0.2602539,0.95166016,0.2980957,0.19018555,0.34033203,0.63671875,0.95336914,-0.044713,0.040077,1.014369,0.04810564,0.031306844,-0.0010690142,0.44254002,-0.36078,-0.90958
0.296875,0.9519043,0.26831055,0.22583008,0.28149414,0.59277344,0.953125,-0.04087,0.03843,1.029497,0.04260785,0.029474247,0.0019853122,0.4361,-0.36806,-0.90188
0.25976563,0.95166016,0.29956055,0.18701172,0.34399414,0.63916016,0.953125,-0.052033,0.046055,1.0142471,0.049632803,0.037720934,0.0025961774,0.44086,-0.36246,-0.91209996
0.29858398,0.9511719,0.26489258,0.2290039,0.27734375,0.5891113,0.95336914,-0.046970002,0.036844,0.980209,0.046731193,0.037720934,0.0013744469,0.44002,-0.36778,-0.91503996
0.25610352,0.95166016,0.3010254,0.18383789,0.34838867,0.64208984,0.95336914,-0.043981,0.040626,1.029497,0.045356747,0.036346484,0.00061086525,0.43106,-0.36526,-0.9058
0.3017578,0.95166016,0.26220703,0.2319336,0.2734375,0.5859375,0.95336914,-0.043493,0.039955,1.024312,0.044135015,0.033444874,0.0010690142,0.43498,-0.37002,-0.90902
0.25317383,0.9519043,0.30273438,0.18310547,0.35229492,0.6452637,0.95336914,-0.042212002,0.038125,1.010953,0.047800206,0.031612277,0.00061086525,0.43274,-0.36470002,-0.9051
0.30371094,0.9526367,0.26293945,0.234375,0.2705078,0.5842285,0.9550781,-0.04636,0.041784998,1.01809,0.04505131,0.03359759,-0.0018325957,0.4333,-0.36694,-0.90972
0.25195313,0.9506836,0.30541992,0.18066406,0.35595703,0.6484375,0.95336914,-0.043371003,0.040443,1.017907,0.04703662,0.034361172,0.0030543262,0.44002,-0.3661,-0.91378003
0.30566406,0.95166016,0.2602539,0.23706055,0.26708984,0.58203125,0.95336914,-0.042517003,0.039467,1.01504,0.045204025,0.03359759,0.00061086525,0.43945998,-0.36134,-0.92064
0.24975586,0.9511719,0.30639648,0.1784668,0.35839844,0.64990234,0.953125,-0.044713,0.040931,1.01504,0.04764749,0.034513887,0.00061086525,0.43078,-0.36302,-0.91238
0.3076172,0.95166016,0.25878906,0.23706055,0.26391602,0.5788574,0.95336914,-0.044408,0.038064,1.0158939,0.04550946,0.03191771,0.00076358154,0.4277,-0.36218,-0.91308004
0.24829102,0.9511719,0.3076172,0.17578125,0.36083984,0.6513672,0.953125,-0.04087,0.041053,1.016748,0.049632803,0.0290161,0.004428773,0.43526,-0.36358,-0.91406
0.30908203,0.9511719,0.25732422,0.2397461,0.26171875,0.57714844,0.953125,-0.043127,0.041724,1.015528,0.04352415,0.032528576,0.0013744469,0.43414003,-0.35966,-0.9086
0.24633789,0.9506836,0.30859375,0.17504883,0.36376953,0.6530762,0.953125,-0.045688998,0.040016,1.016992,0.04550946,0.03191771,0.004734206,0.4347,-0.36022002,-0.91434
0.31054688,0.9506836,0.25634766,0.2409668,0.25976563,0.57543945,0.953125,-0.044347,0.038003,1.016382,0.044135015,0.034361172,0,0.43022,-0.36022002,-0.91378003
0.24511719,0.95166016,0.30981445,0.17236328,0.36547852,0.6542969,0.953125,-0.042273,0.038003,1.017846,0.051618114,0.034055736,0.0033597588,0.4389,-0.36973998,-0.90762
0.31225586,0.9506836,0.25585938,0.24072266,0.25805664,0.57470703,0.953125,-0.043005,0.041541,1.016504,0.043066002,0.032986723,0.0025961774,0.43666,-0.3661,-0.90888
0.24487305,0.9511719,0.31030273,0.16992188,0.36645508,0.65625,0.953125,-0.043005,0.03904,1.015284,0.04184427,0.03359759,0.0013744469,0.42966,-0.36302,-0.91672003
0.3125,0.9511719,0.2553711,0.24267578,0.25683594,0.5734863,0.95336914,-0.044225004,0.040260002,1.018273,0.046120327,0.031764995,-0.00091629784,0.44142002,-0.36358,-0.91602004
0.24365234,0.9506836,0.31103516,0.1706543,0.36791992,0.6567383,0.95336914,-0.040931,0.037881,1.016321,0.051159963,0.03268129,0.0022907446,0.43414003,-0.36246,-0.91503996
0.31347656,0.9506836,0.2548828,0.24389648,0.25512695,0.5727539,0.953125,-0.043920003,0.040199,1.016626,0.04276057,0.035735615,0.00091629784,0.43358,-0.35994,-0.91546005
0.24267578,0.9506836,0.31176758,0.16967773,0.36865234,0.6574707,0.953125,-0.043493,0.039772,1.016626,0.047800206,0.032986723,0.0025961774,0.43694,-0.36694,-0.91644
0.31323242,0.95166016,0.25390625,0.2446289,0.25512695,0.5722656,0.95336914,-0.042578,0.040504,1.0158939,0.050549097,0.033292156,0.0021380284,0.44142002,-0.37002,-0.90986
0.2421875,0.9511719,0.31103516,0.17016602,0.36914063,0.65771484,0.95336914,-0.044347,0.041053,1.018883,0.046731193,0.031459562,-0.00030543262,0.43666,-0.36722,-0.92218
0.31323242,0.9506836,0.25439453,0.24511719,0.25463867,0.5720215,0.953125,-0.04514,0.039284002,1.015284,0.04764749,0.03359759,-0.00045814892,0.44338,-0.36582002,-0.91517997
0.2421875,0.9506836,0.3125,0.17016602,0.3701172,0.6582031,0.953125,-0.043493,0.04331,1.0183951,0.051159963,0.034055736,0.002443461,0.43862,-0.36582002,-0.91196
0.3149414,0.9511719,0.2548828,0.24609375,0.25439453,0.5722656,0.953125,-0.042822,0.040260002,1.017907,0.04917465,0.0355829,-0.0013744469,0.43218,-0.36834,-0.91392
0.24291992,0.9506836,0.31298828,0.16894531,0.36987305,0.657959,0.953125,-0.045201,0.038552,1.017907,0.03894266,0.033292156,-0.00015271631,0.43554002,-0.36414,-0.9128
0.3149414,0.9511719,0.2553711,0.24438477,0.2541504,0.57177734,0.953125,-0.042212002,0.038857,1.015955,0.04352415,0.034208454,0.0019853122,0.4319,-0.36946,-0.90874
0.24267578,0.9511719,0.31323242,0.16870117,0.3701172,0.657959,0.953125,-0.044652,0.03843,1.016016,0.04428773,0.036651913,-0.0016798794,0.44002,-0.36638,-0.91392
0.3154297,0.9511719,0.2548828,0.24560547,0.25463867,0.57177734,0.953125,-0.044164002,0.040382,1.015833,0.04444045,0.037262782,0.0030543262,0.4333,-0.36778,-0.90874
0.24243164,0.9511719,0.31152344,0.16870117,0.36914063,0.65722656,0.953125,-0.044164002,0.036539003,1.01626,0.05467244,0.034666605,0.00091629784,0.4361,-0.36666,-0.91238
0.31347656,0.9501953,0.25463867,0.24414063,0.25683594,0.5732422,0.953125,-0.042212002,0.042456,1.015955,0.047952924,0.034361172,0.00030543262,0.43554002,-0.37114,-0.91126
0.24243164,0.9511719,0.3100586,0.17041016,0.3671875,0.65625,0.953125,-0.047397,0.040748,1.019554,0.03985896,0.034361172,0.0016798794,0.44058,-0.35966,-0.90720004
0.31225586,0.9506836,0.25561523,0.24243164,0.25878906,0.5749512,0.953125,-0.042761,0.039284002,1.0177851,0.04734206,0.031306844,0.0012217305,0.42938,-0.36526,-0.90748
0.24438477,0.9506836,0.30859375,0.17236328,0.36450195,0.65405273,0.953125,-0.042883,0.038735002,1.017846,0.049021933,0.033292156,0.0018325957,0.42798,-0.36022002,-0.91462
0.3112793,0.95166016,0.25732422,0.24145508,0.26171875,0.57666016,0.95336914,-0.044042,0.038552,1.017968,0.042913284,0.034361172,0.0022907446,0.4361,-0.37002,-0.91098
0.24707031,0.9506836,0.30859375,0.1743164,0.3623047,0.65234375,0.953125,-0.043188,0.039711002,1.019737,0.04627304,0.036804635,0.00045814892,0.43498,-0.36498,-0.91294
0.3100586,0.95166016,0.25854492,0.23950195,0.26391602,0.5786133,0.95336914,-0.043736998,0.040565,1.019188,0.045204025,0.032223143,0.0010690142,0.4361,-0.36498,-0.91336
0.2487793,0.9506836,0.3071289,0.17578125,0.36010742,0.65112305,0.953125,-0.04758,0.041846,1.013515,0.039706245,0.037110064,0.00061086525,0.43862,-0.36666,-0.91336
0.30859375,0.9501953,0.25927734,0.23876953,0.26611328,0.58032227,0.953125,-0.043554,0.040138,1.019188,0.04550946,0.0355829,0.0015271631,0.43862,-0.35826,-0.90818
0.24926758,0.9506836,0.3046875,0.17602539,0.35742188,0.6491699,0.953125,-0.042029,0.040321,1.018944,0.04718934,0.032223143,0.002443461,0.43666,-0.35462,-0.9142
0.30566406,0.9506836,0.2602539,0.23706055,0.26831055,0.58203125,0.953125,-0.043981,0.038796,1.01504,0.04718934,0.028252516,0.0025961774,0.43134,-0.36638,-0.90986
0.25024414,0.9506836,0.3046875,0.17797852,0.35546875,0.6484375,0.953125,-0.042639,0.040016,1.016077,0.043829583,0.0355829,-0.00061086525,0.43945998,-0.36862,-0.90986
0.30566406,0.95166016,0.26220703,0.23535156,0.27148438,0.5842285,0.95336914,-0.045018002,0.040992,1.018883,0.04841107,0.03268129,0.003817908,0.43134,-0.36526,-0.91252
0.25390625,0.9511719,0.3034668,0.18017578,0.3527832,0.6452637,0.95336914,-0.044103,0.039833,1.015345,0.04627304,0.031154126,-0.0016798794,0.44282,-0.36134,-0.8995
0.3046875,0.9506836,0.26367188,0.234375,0.27441406,0.5864258,0.953125,-0.042822,0.039345,1.017907,0.045356747,0.037873648,0.0015271631,0.4403,-0.36806,-0.90636
0.25512695,0.9506836,0.30126953,0.18286133,0.3491211,0.6425781,0.953125,-0.045018002,0.040016,1.0158939,0.04627304,0.033444874,-0.00091629784,0.44338,-0.36386,-0.90706
0.30126953,0.9511719,0.26538086,0.23144531,0.27856445,0.58862305,0.953125,-0.043371003,0.039955,1.014613,0.04810564,0.032528576,0.00076358154,0.43666,-0.36470002,-0.90929997
0.2578125,0.9506836,0.29956055,0.18432617,0.34472656,0.63916016,0.953125,-0.042578,0.037881,1.008696,0.041691557,0.036346484,0.0018325957,0.43918,-0.36302,-0.91238
0.2998047,0.9506836,0.26660156,0.2290039,0.28198242,0.592041,0.953125,-0.045079004,0.040992,1.0182121,0.04627304,0.033444874,-0.00076358154,0.44002,-0.36246,-0.91042
0.25976563,0.9506836,0.29760742,0.18823242,0.3413086,0.6374512,0.953125,-0.041907,0.040199,1.0210791,0.04184427,0.030085113,0.00015271631,0.43862,-0.36638,-0.91098
0.29785156,0.9511719,0.26904297,0.2253418,0.28588867,0.59472656,0.953125,-0.045018002,0.040077,1.01626,0.04474588,0.033139437,0.0012217305,0.44198,-0.36862,-0.90888
0.2626953,0.9506836,0.29492188,0.19018555,0.3371582,0.63378906,0.953125,-0.045628004,0.042029,1.0136371,0.047952924,0.031612277,0,0.4375,-0.35826,-0.90958
0.29370117,0.9506836,0.2709961,0.22338867,0.28930664,0.59765625,0.953125,-0.041968003,0.039711002,1.019493,0.04337143,0.03481932,0.00061086525,0.44086,-0.36498,-0.91084003
0.26391602,0.9506836,0.29296875,0.19140625,0.33325195,0.63134766,0.953125,-0.043005,0.040016,1.015406,0.04886922,0.034361172,-0.0022907446,0.43582,-0.3633,-0.90776
0.29174805,0.9506836,0.2734375,0.22143555,0.2932129,0.6015625,0.953125,-0.04331,0.039223,1.013881,0.046578474,0.033292156,0,0.43582,-0.35770002,-0.91